airline,origin,destination,delay,weather,congestion,sentiment,stress
Iberia,EZE,MIA,28,0.0901700757120269,0.39075111034950344,0.9525798633397662,Low
Iberia,EZE,MIA,34,0.034340597728634396,0.5783608010805092,0.748328681873438,Low
American Airlines,EZE,MIA,23,0.6199481031355344,0.20421768624517422,0.8755360295946524,Low
Aerolineas Argentinas,EZE,MIA,32,0.32411546288692744,0.5366719839558312,0.8126988505437887,Low
Aerolineas Argentinas,EZE,MIA,36,0.4545242044697297,0.4969380301654009,0.7465691258529452,Medium
Aerolineas Argentinas,EZE,MIA,24,0.25187973816491144,0.6158582999202177,0.9210808273159782,Low
Aerolineas Argentinas,EZE,MIA,27,0.08323515515479217,0.5239160736828307,0.8993488720552214,Low
LATAM,EZE,MIA,29,0.08717549206076504,0.30538621182368886,0.6318134693428485,Low
LATAM,EZE,MIA,32,0.36736322853188486,0.7393143003328982,0.9171006909544819,Medium
Aerolineas Argentinas,EZE,MIA,26,0.2271819924487465,0.468294085394606,0.6604174678630992,Low
American Airlines,EZE,MIA,29,0.1228716563702583,0.4945390920980136,0.9099212871008324,Low
LATAM,EZE,MIA,25,0.2568701739974717,0.31334640818536075,0.9460038470160917,Low
Iberia,EZE,MIA,31,0.054638190398337054,0.41134354976169796,0.6842366903118136,Low
LATAM,EZE,MIA,32,0.3042925152910289,0.3230394571946198,0.7455852378712081,Low
Iberia,EZE,MIA,27,0.15377390692020992,0.4654107880153154,0.7094295331514064,Low
Aerolineas Argentinas,EZE,MIA,33,0.45548183447443713,0.8423416960284686,0.7585078969711265,Medium
LATAM,EZE,MIA,22,0.1722873965655433,0.22561977141372874,0.8225299049147592,Low
American Airlines,EZE,MIA,26,0.23906498764570414,0.17728772042465174,0.9046327198936006,Low
LATAM,EZE,MIA,27,0.017168014216229644,0.7942340654987217,0.9510308746119609,Low
LATAM,EZE,MIA,31,0.05938964712782491,0.4581352645696268,0.9329017144123289,Low
LATAM,EZE,MIA,21,0.20953652752633833,0.3661854522680167,0.8037831973421697,Low
Aerolineas Argentinas,EZE,MIA,17,0.2510995540176248,0.7079809374792153,0.865744479292214,Low
American Airlines,EZE,MIA,28,0.3144733446664271,0.3788768920526272,0.6449895141112383,Low
LATAM,EZE,MIA,36,0.1639152645381577,0.8652019427093873,0.6794129933503812,Medium
American Airlines,EZE,MIA,26,0.3737715442425616,0.6355851742678538,0.9231518299764124,Low
Aerolineas Argentinas,EZE,MIA,23,0.5232948724435291,0.4024177183708595,1.0,Low
Iberia,EZE,MIA,35,0.439397504356923,0.9314616426531007,0.6432317794786744,Medium
LATAM,EZE,MIA,33,0.039262584291117786,0.3788570153993323,0.7207535740847106,Low
American Airlines,EZE,MIA,35,0.2513793234278657,0.6484190744018614,0.7640260909707739,Medium
American Airlines,EZE,MIA,28,0.0769210406587329,0.5598585160812983,0.841349449215294,Low
Aerolineas Argentinas,EZE,MIA,37,0.14168888411126615,0.7603482578797596,0.6723729813411687,Medium
LATAM,EZE,MIA,27,0.8837831035493123,0.8123022393453705,0.8624061044464091,Medium
Iberia,EZE,MIA,27,0.09565678107876353,0.5064008298131534,0.7726160652929085,Low
American Airlines,EZE,MIA,34,0.26051520985450327,0.3493164259307633,0.7718881062455054,Low
LATAM,EZE,MIA,38,0.3250015920530017,0.5919944285878233,0.8012950914670366,Medium
Iberia,EZE,MIA,22,0.3789662204028963,0.3644569260495788,0.853975560314427,Low
American Airlines,EZE,MIA,34,0.29206917071611144,0.9026774495053247,0.7296947442806765,Medium
American Airlines,EZE,MIA,35,0.015284591419242181,0.5273070662165474,0.7557056862740835,Low
Iberia,EZE,MIA,30,0.17951355262026755,0.42693568973757823,0.7911637040794666,Low
Iberia,EZE,MIA,27,0.27005261313394774,0.5369360611729816,0.7829988970117873,Low
Aerolineas Argentinas,EZE,MIA,39,0.06791610856181625,0.2305747420940607,0.7141203937332897,Low
LATAM,EZE,MIA,28,0.19041400829284624,0.3056771922978697,0.973198050383805,Low
LATAM,EZE,MIA,25,0.03482349911661518,0.7400827815888851,0.8894252781274572,Low
Aerolineas Argentinas,EZE,MIA,26,0.06283201467693213,0.36862114420572084,0.7971186348637507,Low
American Airlines,EZE,MIA,40,0.21158275202575738,0.2906178034636121,0.803028773784407,Low
Iberia,EZE,MIA,32,0.09089263640519664,0.6073305505054573,0.7532847176910656,Low
Iberia,EZE,MIA,35,0.29634695185315885,0.7371408309325994,0.8839791304253307,Medium
Iberia,EZE,MIA,38,0.3700002102050938,0.6437906621330134,0.783630885886476,Medium
American Airlines,EZE,MIA,27,0.4583419184920698,0.6992095371611633,0.8092697855995772,Medium
Iberia,EZE,MIA,25,0.12270019064422973,0.34864098228610785,0.8781050259143611,Low
Iberia,EZE,MIA,29,0.10756116932598164,0.21563786665163126,0.6495790514598168,Low
Aerolineas Argentinas,EZE,MIA,22,0.07673369739398228,0.8002667303910973,0.7406565864423528,Low
American Airlines,EZE,MIA,41,0.3359469090813398,0.4354640322315728,0.6072741660267611,Medium
LATAM,EZE,MIA,30,0.3817894834077538,0.44983339670899053,0.8142943094763707,Low
Aerolineas Argentinas,EZE,MIA,28,0.03366487980303328,0.7656388283698117,0.9865848332818425,Low
Aerolineas Argentinas,EZE,MIA,44,0.6546333304301671,0.611246001880132,0.92979668128593,Medium
LATAM,EZE,MIA,30,0.04725120067267958,0.5911775544163216,0.8638051101440758,Low
Aerolineas Argentinas,EZE,MIA,26,0.28229342852166495,0.9330004689802168,0.8767511141611124,Medium
American Airlines,EZE,MIA,32,0.3836238872234002,0.3712963539239714,0.6065608932513927,Medium
Iberia,EZE,MIA,18,0.537514438300465,0.6855680256162474,0.8257326200265979,Medium
American Airlines,EZE,MIA,39,0.38722545682674236,0.5114026249794169,0.6612216248091761,Medium
LATAM,EZE,MIA,23,0.4594290903948792,0.5537184557726513,0.784581906841555,Medium
LATAM,EZE,MIA,33,0.18536286127572596,0.8056936852825063,0.7631856181415211,Medium
Aerolineas Argentinas,EZE,MIA,25,0.47227523872951527,0.6015671512579248,0.7861242755636206,Medium
American Airlines,EZE,MIA,28,0.0636832802697777,0.6076592158099265,0.6154033522957546,Low
American Airlines,EZE,MIA,32,0.5727047765067934,0.7145014674619604,0.8614576922784201,Medium
LATAM,EZE,MIA,27,0.2856210508188672,0.42700945409142294,0.7127256974260194,Low
American Airlines,EZE,MIA,33,0.47478164490572256,0.3321580665321987,0.803924686411115,Low
LATAM,EZE,MIA,30,0.23766892155315233,0.2910381611957933,1.0,Low
American Airlines,EZE,MIA,32,0.3403276594691977,0.10672868212479963,0.6947282075080243,Low
American Airlines,EZE,MIA,33,0.27452377405629574,0.9112414259880645,0.526971247725367,Medium
American Airlines,EZE,MIA,41,0.4001427393802289,0.27935832685566336,0.6980662444786556,Medium
LATAM,EZE,MIA,27,0.06451863547063975,0.4557492752828456,0.9300959634998571,Low
Aerolineas Argentinas,EZE,MIA,26,0.05235664325172538,0.4446373400222159,1.0,Low
American Airlines,EZE,MIA,36,0.143962057140717,0.5614813395618201,0.6370450405547583,Medium
LATAM,EZE,MIA,30,0.10381602459780692,0.6631474425078594,0.8496699223236522,Low
LATAM,EZE,MIA,38,0.5386219528364401,0.6720946976719491,0.7001356209886612,Medium
American Airlines,EZE,MIA,27,0.1313838294038557,0.3833845122862123,0.8094051645695864,Low
American Airlines,EZE,MIA,32,0.8008659938511018,0.4665756572427177,1.0,Medium
Aerolineas Argentinas,EZE,MIA,24,0.18421090351360156,0.55651599009766,0.6897029671604846,Low
LATAM,EZE,MIA,32,0.11439215059914715,0.4502617747632906,0.8120406328161239,Low
LATAM,EZE,MIA,22,0.4482108802762044,0.8214691152039986,0.9001026505098766,Medium
Iberia,EZE,MIA,31,0.3498018371069885,0.5981949903276502,0.9019119658272681,Low
LATAM,EZE,MIA,32,0.2601679930032276,0.6469755572099635,0.7964649820137562,Medium
Aerolineas Argentinas,EZE,MIA,34,0.28976559394766527,0.6325762537334826,0.8041383872837435,Medium
Iberia,EZE,MIA,27,0.3909384079910301,0.734694771497065,0.780835143257821,Medium
Iberia,EZE,MIA,32,0.1355649285952788,0.5362043117407413,0.8135793607911773,Low
Iberia,EZE,MIA,33,1.0,0.2406336104088307,0.745680772450259,Medium
American Airlines,EZE,MIA,21,0.7946227070770053,0.5799375903505284,0.9221571889856051,Medium
American Airlines,EZE,MIA,26,0.3445184853489645,0.3697286212416342,0.7897056330623032,Low
LATAM,EZE,MIA,38,0.12242181368996291,0.39427666365004865,0.7843767060568853,Low
Iberia,EZE,MIA,35,0.3637917504014196,0.6172728037510187,0.7637403852981688,Medium
Aerolineas Argentinas,EZE,MIA,31,0.05924854874633704,0.7476566142867271,0.9059383584105501,Low
American Airlines,EZE,MIA,24,0.03298763471515207,0.5042543153472123,0.8348606276411513,Low
Aerolineas Argentinas,EZE,MIA,26,0.14870843768176228,0.5617666025197927,0.6493634198459786,Low
Aerolineas Argentinas,EZE,MIA,32,0.24264178621277732,0.8404429889270476,0.9128588167380658,Medium
American Airlines,EZE,MIA,39,0.5338887346598757,0.5481506358977136,0.6494267699137382,Medium
American Airlines,EZE,MIA,29,0.3968227420856522,1.0,0.7412900328017846,Medium
American Airlines,EZE,MIA,26,0.40867686674135556,0.6131019291263089,0.7671005372623174,Medium
American Airlines,EZE,MIA,37,0.2249119473322695,0.14784744816883644,0.8907771426504151,Low
Iberia,EZE,MIA,24,0.18829132349644287,0.6506683242209065,0.6264325786021304,Medium
Iberia,EZE,MIA,41,0.1996922373089439,0.5762316769765555,1.0,Low
Iberia,EZE,MIA,31,0.8942445944219766,0.7579505508165492,0.8989390142399385,Medium
Iberia,EZE,MIA,23,0.039592584911442026,0.6346362702539917,0.8689905580795827,Low
LATAM,EZE,MIA,37,0.5322409604053635,0.47230880320324525,0.7478439332717046,Medium
Iberia,EZE,MIA,33,0.3024631142470561,0.2551403527421269,0.8085554074857657,Low
American Airlines,EZE,MIA,28,0.23112010769472338,0.4581953485427949,0.8654455761712672,Low
Aerolineas Argentinas,EZE,MIA,30,0.39539955625759365,0.32989590915813993,0.8645215585950058,Low
Iberia,EZE,MIA,35,0.2544235846436145,0.38389531003905547,0.8222271132670115,Low
LATAM,EZE,MIA,33,0.5408696474890454,0.617715680884122,0.7889580681255249,Medium
American Airlines,EZE,MIA,38,0.5824252069778761,0.8339809008702812,0.726932824635934,Medium
Aerolineas Argentinas,EZE,MIA,28,0.22313783725403524,0.5789343059645962,0.7982060049679822,Low
Aerolineas Argentinas,EZE,MIA,31,0.1572793948710127,0.2608233875929631,0.7738425052980652,Low
Iberia,EZE,MIA,29,0.31011234956748296,0.5889205336440282,0.9200436763533731,Low
Aerolineas Argentinas,EZE,MIA,26,0.6032424807039235,0.7393262973291302,0.8860223388947528,Medium
Iberia,EZE,MIA,13,0.127499178496456,0.37804341913612355,0.6192944698669053,Low
Iberia,EZE,MIA,36,0.3278488128202009,0.4731965666654165,0.8255900776529761,Low
American Airlines,EZE,MIA,23,0.332995025307466,0.5029376389458394,0.8661402861385442,Low
American Airlines,EZE,MIA,35,0.4012964190797941,0.343020337383552,0.7647957910220768,Low
LATAM,EZE,MIA,32,0.09032879565115688,0.6296560867687718,0.747814821357778,Low
American Airlines,EZE,MIA,18,0.3884816033503136,0.4758103702784437,0.9924112719986014,Low
American Airlines,EZE,MIA,31,0.5970646386669173,0.5839064887814056,0.8880859795456191,Medium
Iberia,EZE,MIA,30,0.11326174856318127,0.32250156443958,0.7227122332176391,Low
American Airlines,EZE,MIA,35,0.1396632386022029,0.4125083399353179,0.8073718953791201,Low
Iberia,EZE,MIA,29,0.776315248140567,0.6444762715655543,0.709500993212538,Medium
Iberia,EZE,MIA,36,0.11386271878207128,0.42543336958164657,0.622038183521107,Low
American Airlines,EZE,MIA,28,0.5161409293896835,0.845392770246681,0.7506616108743368,Medium
LATAM,EZE,MIA,23,0.25721052389207927,0.4200727628770795,0.9329060139049425,Low
LATAM,EZE,MIA,31,0.14401947263123785,0.5449369451503772,0.888645837870942,Low
Aerolineas Argentinas,EZE,MIA,33,0.5372173301462051,0.686518166374618,0.8313085420097294,Medium
Aerolineas Argentinas,EZE,MIA,31,0.23430850006849602,0.21632685341339364,0.865842912018133,Low
American Airlines,EZE,MIA,29,0.2685733901996514,0.1478382376038448,0.8582844953781625,Low
LATAM,EZE,MIA,28,0.19431691637844004,0.19486873708598101,0.7491851738110381,Low
Iberia,EZE,MIA,17,0.31045190524936345,0.7525168206854365,0.9298589211340608,Low
Aerolineas Argentinas,EZE,MIA,37,0.10569728086323811,0.38962837082151064,0.8333742858561015,Low
Iberia,EZE,MIA,30,0.20888531854077627,1.0,0.8754291329813575,Medium
Aerolineas Argentinas,EZE,MIA,30,0.7665253091332683,0.3871504802685223,0.9188913371474643,Medium
American Airlines,EZE,MIA,24,0.14891036330628268,0.5369102606394074,0.9108303847201064,Low
LATAM,EZE,MIA,28,0.34855146900939643,0.8084219905135752,0.8484781540874916,Medium
Aerolineas Argentinas,EZE,MIA,32,0.17894209893691226,0.9012185776318247,0.8936816904983094,Medium
LATAM,EZE,MIA,28,0.43385232577652943,0.9123007153272795,0.8106812074084273,Medium
Iberia,EZE,MIA,30,0.0899874536118268,0.7416732461186285,0.7118125348772283,Medium
American Airlines,EZE,MIA,33,0.7684953940549772,0.7048125051622924,0.7636933036056236,Medium
LATAM,EZE,MIA,20,0.23837631662287195,0.6185053898402366,0.7921764021860218,Low
American Airlines,EZE,MIA,41,0.13899089888984978,0.6556722152333275,0.6591488391692285,Medium
LATAM,EZE,MIA,28,0.059984385117087174,0.38976285673429334,0.7988814662617816,Low
Iberia,EZE,MIA,29,0.10862916136440535,0.33636022331553855,0.7274246745666705,Low
Iberia,EZE,MIA,41,0.27110956341867204,0.4993251085178096,0.6958705137027626,Medium
American Airlines,EZE,MIA,24,0.18425931364847845,0.4659630754950143,0.6506385333046214,Low
Iberia,EZE,MIA,22,0.4869029970659344,0.40935439013454494,0.8746627040706272,Low
Aerolineas Argentinas,EZE,MIA,21,0.22745686699562181,0.6392774894913431,0.8601205475362224,Low
LATAM,EZE,MIA,20,0.1446854823064758,0.6910610417141021,0.7849578035598477,Low
Iberia,EZE,MIA,36,0.3244063886620333,0.5176813772583695,0.8259245668432406,Low
Aerolineas Argentinas,EZE,MIA,36,0.38200284036717336,0.7955060162110523,0.8537570137626559,Medium
American Airlines,EZE,MIA,22,0.10735405133639292,0.271662177173299,0.6925773468964358,Low
Aerolineas Argentinas,EZE,MIA,32,0.10762536939521195,0.4612681081440564,0.7103941888100452,Low
American Airlines,EZE,MIA,34,0.03725251790588194,0.35663553587943897,0.6964190983546035,Low
American Airlines,EZE,MIA,26,0.4038039275647764,0.12669267658538796,0.7326763565557802,Low
LATAM,EZE,MIA,34,0.35305823972854866,0.48346386283146014,0.8562808175265082,Low
LATAM,EZE,MIA,28,0.24849279631773888,0.4756504983233433,0.793950719456053,Low
Aerolineas Argentinas,EZE,MIA,27,0.5039612783787825,0.8026899486484262,0.793548515868939,Medium
LATAM,EZE,MIA,37,0.46322258907923763,0.6261623369109555,0.552947096892658,Medium
LATAM,EZE,MIA,34,0.3061794792162029,0.29516263513415897,0.8368751363542559,Low
LATAM,EZE,MIA,22,0.5338871019001985,0.8708185132668377,0.729407493847986,Medium
Aerolineas Argentinas,EZE,MIA,30,0.12530180804268068,0.7442067391050706,0.8059932630266329,Low
Iberia,EZE,MIA,27,0.08050611489122844,0.6164195406937232,0.8477376937958192,Low
LATAM,EZE,MIA,28,0.15411235409921512,0.45470318023003364,0.9493991929171984,Low
LATAM,EZE,MIA,39,0.05039304302996427,0.308112152655304,0.6091179600880887,Low
Aerolineas Argentinas,EZE,MIA,27,0.27699538758476333,0.4255586447857894,0.5180487844179176,Medium
Iberia,EZE,MIA,42,0.6556140750280431,0.7177497239408372,0.7383849544753694,Medium
LATAM,EZE,MIA,32,0.03907679183648691,0.8769172611869218,0.966717784817752,Low
American Airlines,EZE,MIA,26,0.08564356394023276,0.8086487056544378,0.9505613019606104,Low
Aerolineas Argentinas,EZE,MIA,33,0.23761161920580032,0.4022301156427452,0.8009659415274626,Low
LATAM,EZE,MIA,35,0.6489145284869332,0.27607651334219774,0.7175030481034619,Medium
LATAM,EZE,MIA,21,0.17488557500837265,0.5281772493822408,0.9407122596637311,Low
American Airlines,EZE,MIA,19,0.2647204030994657,0.14631212688742967,0.7759787133628864,Low
American Airlines,EZE,MIA,29,0.04057051824484004,0.5646335428369563,0.8543024436022886,Low
Aerolineas Argentinas,EZE,MIA,27,0.09847469879348546,0.47047948274026624,0.8705470159166627,Low
Aerolineas Argentinas,EZE,MIA,23,0.883451223085104,0.40679269962635156,0.9526876574165547,Medium
American Airlines,EZE,MIA,32,0.7471534911693642,0.1810593865466409,1.0,Low
Aerolineas Argentinas,EZE,MIA,21,0.009684537213939358,0.6027200213139433,0.8992415967178767,Low
American Airlines,EZE,MIA,33,0.6983815016513258,0.3934598320676177,0.7291036374292501,Medium
LATAM,EZE,MIA,28,0.337588584731716,0.2660166328579424,0.8107759021141339,Low
American Airlines,EZE,MIA,28,0.5334171065913318,0.0,0.6364257428444215,Low
American Airlines,EZE,MIA,35,0.23883369160506637,0.49449701898987275,0.6971953535577607,Medium
Iberia,EZE,MIA,29,0.2689708875678366,0.8544503193339488,0.7657384228553562,Medium
American Airlines,EZE,MIA,22,0.25550377153218407,0.832251842909574,0.800924493539874,Medium
American Airlines,EZE,MIA,19,0.3550296338361328,0.40858074868274563,0.8885688205367055,Low
Iberia,EZE,MIA,22,0.09427811731594864,0.3795575879276439,0.7710913400951132,Low
Aerolineas Argentinas,EZE,MIA,34,0.03249118571944191,0.5937548512150048,0.8854364000657805,Low
Iberia,EZE,MIA,44,0.17119754087330227,0.3003229121623417,0.7066873731584864,Low
LATAM,EZE,MIA,26,0.3805225241299332,0.5603583799638931,0.8257366345528052,Medium
Iberia,EZE,MIA,20,0.12347972950823027,0.6532160556769381,0.8338771950153749,Low
LATAM,EZE,MIA,32,0.35930459550531807,0.7453866447768616,0.8021857350525645,Medium
Aerolineas Argentinas,EZE,MIA,29,0.7689373118719994,0.47996918470400946,0.8891764931334301,Medium
Iberia,EZE,MIA,31,0.0711457227916808,0.4592652499646068,0.7066203117622433,Low
Iberia,EZE,MIA,17,0.35876087187514133,0.3244034826486878,0.820855017759141,Low
Aerolineas Argentinas,EZE,MIA,29,0.23356589906722833,0.334623929192028,0.7762940637890001,Low
LATAM,EZE,MIA,26,0.533715183751907,0.45470422161969465,0.6920795743193452,Medium
Iberia,EZE,MIA,29,0.11208317410625945,0.5734731013632356,0.7247408806945168,Low
LATAM,EZE,MIA,31,0.3721551045859676,0.6827169252466498,0.7457112459788674,Medium
Iberia,EZE,MIA,33,0.49704782309589896,0.339364209863931,0.8674389180712728,Low
American Airlines,EZE,MIA,27,0.6768425259076172,0.7985377137919043,0.8462561329001925,Medium
Iberia,EZE,MIA,33,0.365807305456816,0.44577527979148623,0.7993589911367545,Low
Aerolineas Argentinas,EZE,MIA,42,0.25965649583923583,0.4957265411303128,0.8050897962167972,Low
Aerolineas Argentinas,EZE,MIA,32,0.32481981875470517,0.3505576641704353,0.772929487826727,Low
LATAM,EZE,MIA,40,0.5347335157727514,0.015151947945411637,0.7723798183262224,Low
Iberia,EZE,MIA,17,0.29802303869319186,0.6768090792722099,0.8763444913734171,Low
LATAM,EZE,MIA,28,0.03279393837709973,0.6473687794184867,0.8398695682732962,Low
LATAM,EZE,MIA,31,0.6419991935044322,0.44373448857635733,0.7350574675721752,Medium
American Airlines,EZE,MIA,36,0.3700421771529773,0.5133981434449744,0.5161182841723571,Medium
American Airlines,EZE,MIA,29,0.3613306584576399,0.6031878435408199,0.7932387504480363,Medium
Aerolineas Argentinas,EZE,MIA,37,0.1297782439439214,0.18749082862269145,0.8956081469433274,Low
LATAM,EZE,MIA,29,0.34991480161040905,0.39418946453074105,0.8992882068908259,Low
Aerolineas Argentinas,EZE,MIA,43,0.2101692287906033,0.6588529359243654,0.8098730817924504,Medium
Iberia,EZE,MIA,25,0.345086145679977,0.2491421153661501,0.9569464055139552,Low
LATAM,EZE,MIA,32,0.07777886382528429,0.5587115864333259,0.7955324257628104,Low
LATAM,EZE,MIA,22,0.34925412065979894,0.22868363907531897,0.8730649040738928,Low
Iberia,EZE,MIA,30,1.0,0.5932859964867052,0.738234810456565,Medium
Iberia,EZE,MIA,30,0.044885515784514524,0.4928717035405033,0.7683927143972951,Low
Aerolineas Argentinas,EZE,MIA,31,0.8088403219926029,0.1769736368188981,0.8549104483104475,Medium
Aerolineas Argentinas,EZE,MIA,37,0.21621409730167915,0.7329478708914343,0.8737217770502149,Medium
Iberia,EZE,MIA,23,0.5372221367672328,0.35308168464039014,0.8327220390985667,Low
Aerolineas Argentinas,EZE,MIA,34,0.4416358777352536,0.3379495125971238,0.7283144068481922,Medium
Iberia,EZE,MIA,33,0.29606116598730653,0.5401138394461886,0.7800527958856598,Medium
LATAM,EZE,MIA,23,0.4053765631591777,0.729727469885743,0.9067873415595782,Medium
LATAM,EZE,MIA,27,0.5480096915136663,0.29683563620432063,0.6756145183866459,Medium
American Airlines,EZE,MIA,28,0.2149276025538457,0.5123359699695943,0.5837152380196096,Medium
LATAM,EZE,MIA,39,0.17977066874879924,0.5857633000661147,0.6849463150508417,Medium
Iberia,EZE,MIA,30,0.3555012716677904,0.6386211214526288,0.6779287574085842,Medium
Aerolineas Argentinas,EZE,MIA,28,0.4653426858177754,0.535288311055445,0.7625193135686023,Medium
American Airlines,EZE,MIA,30,0.42441050158832355,0.42659443218333554,0.7852219681182528,Low
Aerolineas Argentinas,EZE,MIA,30,0.45572098939532446,0.3344819558702561,0.7546751590976987,Low
Iberia,EZE,MIA,32,0.22968031800955002,0.5172287766092749,0.9319134201137411,Low
LATAM,EZE,MIA,20,0.47532900794498684,0.2855721976028786,0.8993411431268987,Low
American Airlines,EZE,MIA,23,0.08469267715637778,0.0,0.8767141026277495,Low
Iberia,EZE,MIA,23,0.2839775759813739,0.5873119608315336,0.9088873810710069,Low
American Airlines,EZE,MIA,24,0.010729892913567391,0.680786968217239,0.726116688221923,Low
American Airlines,EZE,MIA,38,0.17867053943871558,0.027413512891632297,0.8505778454086934,Low
LATAM,EZE,MIA,33,0.19760492325868573,0.2980538590580125,0.772423571346454,Low
Iberia,EZE,MIA,24,0.21123567819223085,0.6238308522010396,0.9070480617241212,Low
Aerolineas Argentinas,EZE,MIA,24,0.37410564350405967,0.9114990939423397,0.7328142766959844,Medium
American Airlines,EZE,MIA,24,0.20772276527398284,0.5041587415350816,0.6846241233983935,Low
American Airlines,EZE,MIA,22,0.23592974789196597,0.3543994117541731,0.9351222991358361,Low
Aerolineas Argentinas,EZE,MIA,25,0.13966360149548043,0.463420711779032,0.870974285943085,Low
Iberia,EZE,MIA,30,0.20070294569609845,0.774975283829637,0.709794844564249,Medium
American Airlines,EZE,MIA,32,0.13502956619640574,0.37080716417509296,0.6997003585391972,Low
American Airlines,EZE,MIA,19,0.05981420436213225,0.34016159866994927,0.9858768117748102,Low
American Airlines,EZE,MIA,35,0.3164395729622303,0.4034512955635935,0.6477254773799338,Medium
Iberia,EZE,MIA,24,0.35590250719676747,0.30933427834825755,1.0,Low
Iberia,EZE,MIA,28,0.325789090936298,0.5245340631989591,0.7232712598685465,Medium
Aerolineas Argentinas,EZE,MIA,32,0.2430641530874115,0.8249356916939121,0.8505058592275049,Medium
Iberia,EZE,MIA,29,0.20369313270173472,0.5646158546232058,0.7738048190917681,Low
Iberia,EZE,MIA,30,0.527406013463236,0.44952929957474247,0.8603187431082343,Medium
LATAM,EZE,MIA,22,0.2707545483353152,0.44163774621689117,0.7989219331219141,Low
Aerolineas Argentinas,EZE,MIA,30,0.2507270199416242,0.18736183826066855,0.7837207093927706,Low
American Airlines,EZE,MIA,26,0.029237019891903457,0.6766219554294318,0.8307585842062388,Low
Iberia,EZE,MIA,25,0.18617406238931533,0.4844325605974396,0.7331145877551861,Low
American Airlines,EZE,MIA,31,0.20388100088319472,0.46390401728187486,0.8674157678753459,Low
American Airlines,EZE,MIA,35,0.21246175200613318,1.0,0.7153453100195081,Medium
LATAM,EZE,MIA,21,0.30329288719361736,0.5597505816731373,0.8371400084659981,Low
Iberia,EZE,MIA,31,0.2782623204834415,0.3496417899809631,0.6938983958724821,Low
Aerolineas Argentinas,EZE,MIA,29,0.31901202395393813,0.41472848075889135,0.5504333007871356,Medium
Iberia,EZE,MIA,26,0.4265720742866552,0.729689141839351,0.8075638904066498,Medium
American Airlines,EZE,MIA,32,0.4704281212799351,0.5226540821075529,1.0,Low
Aerolineas Argentinas,EZE,MIA,28,0.3901512430712674,0.21234440433652663,0.8917937621231358,Low
Iberia,EZE,MIA,32,0.7106342011393258,0.6838457869150407,0.7847406286932271,Medium
American Airlines,EZE,MIA,22,0.023232926407178795,0.36637118289220116,0.8270442504125065,Low
American Airlines,EZE,MIA,26,0.12069525715030409,0.8746595552435091,0.8289132559478714,Medium
LATAM,EZE,MIA,24,0.012875625316030896,0.7160096131429297,0.8947119115175209,Low
LATAM,EZE,MIA,20,0.34274124438380715,0.41053562086824974,0.7485853851357822,Low
LATAM,EZE,MIA,22,0.577953750840103,0.7562032723470227,0.9647655028002204,Medium
American Airlines,EZE,MIA,36,0.14233509567398422,0.5135711021054806,0.8315381315441244,Low
Iberia,EZE,MIA,24,0.6331398426354096,0.6705547350244438,0.9118185725707935,Medium
LATAM,EZE,MIA,40,0.05230609429450107,0.596946563458895,0.7771809072143061,Low
Iberia,EZE,MIA,31,0.6502708405632759,0.3307286690018253,0.7952949991027323,Medium
LATAM,EZE,MIA,35,0.19086494161433018,0.3712900335365076,0.8339527902633486,Low
Aerolineas Argentinas,EZE,MIA,27,0.07510003065775718,0.7059921635162323,0.8791814133741379,Low
Aerolineas Argentinas,EZE,MIA,30,0.25402872765989704,0.43304493357869184,0.7645959289058977,Low
LATAM,EZE,MIA,22,0.14830219703621392,0.41927030735160065,0.7959731560436432,Low
American Airlines,EZE,MIA,26,0.16087804880977366,0.30897548413012943,0.8368522961928653,Low
LATAM,EZE,MIA,23,0.1709108107081677,0.5847198131186923,1.0,Low
LATAM,EZE,MIA,30,0.46067131761128927,0.912504983848629,0.6760892924346099,Medium
American Airlines,EZE,MIA,27,0.28117095133725684,0.28649341714914545,0.673247473424756,Low
Aerolineas Argentinas,EZE,MIA,27,0.17271131446991764,0.5048438913345517,0.8364760841236517,Low
Iberia,EZE,MIA,26,0.3204218762518372,0.7824441110830859,0.8317554368522685,Medium
LATAM,EZE,MIA,34,0.3887176344541343,0.484071721750857,0.7906674997703741,Medium
American Airlines,EZE,MIA,29,0.1553986297485652,0.5904743592499468,0.8310619864575167,Low
LATAM,EZE,MIA,23,0.2193100915767342,0.287521294370624,0.8243464412031861,Low
American Airlines,EZE,MIA,41,0.08553176801580119,0.5856614194415297,0.8756530105268749,Low
Iberia,EZE,MIA,20,0.1139427461700211,0.46257114699909024,0.7065762688190151,Low
Iberia,EZE,MIA,31,0.3643841146493238,0.6971459991359726,0.7104836308553087,Medium
Aerolineas Argentinas,EZE,MIA,23,0.11407687519975708,0.7374772103129502,0.8363411906517619,Low
American Airlines,EZE,MIA,25,0.27388347638825283,1.0,0.6690144522179167,Medium
American Airlines,EZE,MIA,24,0.3836137361036596,0.6159266346427151,0.8224145595567929,Medium
Aerolineas Argentinas,EZE,MIA,33,0.0779250028505428,0.5651592633164333,0.9461470165728019,Low
Aerolineas Argentinas,EZE,MIA,28,0.29622237337332186,0.5388768603154672,0.8154219821629295,Low
American Airlines,EZE,MIA,28,0.14820636369489693,0.42936674143786235,0.8364034239052017,Low
Aerolineas Argentinas,EZE,MIA,29,0.7380803622210999,0.5676967686923382,0.6806501901494086,Medium
Iberia,EZE,MIA,29,0.25287830764406355,0.4409197179721941,0.7450305258627189,Low
LATAM,EZE,MIA,34,0.46353553580042656,0.5336921952539229,0.7358136953009397,Medium
Iberia,EZE,MIA,28,0.2870212212983399,0.7635195071215919,0.78156182365771,Medium
Aerolineas Argentinas,EZE,MIA,39,0.04178529792468962,0.29869148694407177,0.8681643795003768,Low
American Airlines,EZE,MIA,32,0.3339565939890881,0.727975712225809,0.8424357727391791,Medium
American Airlines,EZE,MIA,23,0.6970851019315482,0.7634230134679731,0.7355208709729635,Medium
Iberia,EZE,MIA,32,0.31538471026014464,0.4763862946017843,0.8113171445098671,Low
American Airlines,EZE,MIA,38,0.476717012392144,0.07562902019828105,0.7964888415163451,Low
Aerolineas Argentinas,EZE,MIA,23,0.5562936070754222,0.37843560258111353,0.9606815705187933,Low
Iberia,EZE,MIA,26,0.13539556589685872,0.7593989093122219,0.984720735323504,Low
American Airlines,EZE,MIA,27,0.1281283491200445,0.49542638754022356,0.7184905808172132,Low
LATAM,EZE,MIA,22,0.3207985354517465,0.30013955354101785,0.7722475822122994,Low
LATAM,EZE,MIA,23,0.2181334964507339,0.3990450157543565,0.7209088807752051,Low
Aerolineas Argentinas,EZE,MIA,35,0.4990193012187482,0.6681240053009107,0.7432646807559685,Medium
American Airlines,EZE,MIA,25,0.5812794219058711,0.6093467136402759,0.8799691707779669,Medium
Aerolineas Argentinas,EZE,MIA,34,0.1916798951904567,0.4522135801660611,0.8720667849922435,Low
Iberia,EZE,MIA,33,0.13936028315287236,0.42663511763706247,0.7724048976357477,Low
LATAM,EZE,MIA,26,0.43999124909330617,0.42164837019123563,0.7946819143411823,Low
Iberia,EZE,MIA,31,0.15637491637697173,0.31551796310029945,0.8085091325582073,Low
American Airlines,EZE,MIA,29,0.48026457938070255,0.8230751378938883,0.7231523765036644,Medium
Aerolineas Argentinas,EZE,MIA,23,0.22408598686412604,0.435535906157732,1.0,Low
Aerolineas Argentinas,EZE,MIA,30,0.3554731222774898,0.7434317041650993,0.6392338972881941,Medium
Aerolineas Argentinas,EZE,MIA,40,0.07201161320180301,0.8042632103844902,0.7518073912229059,Medium
Iberia,EZE,MIA,33,0.32837978852902533,0.6996621796295921,0.9823606219229639,Medium
LATAM,EZE,MIA,31,0.23740440317626818,0.4136759374563903,0.7940133177893332,Low
Iberia,EZE,MIA,29,0.30688142296283766,0.5807460180673218,0.7876627631665172,Medium
Iberia,EZE,MIA,40,0.10781091521101323,0.49516087872181674,0.6975887910522907,Low
American Airlines,EZE,MIA,29,0.4041654910715314,0.3192596278539743,0.7886274984904259,Low
American Airlines,EZE,MIA,23,0.5267135255387659,0.5648718563443206,0.9839515141343197,Low
American Airlines,EZE,MIA,37,0.1302615551622189,0.26419204176803945,0.5321471422003826,Low
LATAM,EZE,MIA,31,0.07210634008814261,0.7375358776923128,0.946676703462966,Low
LATAM,EZE,MIA,18,0.027674681782509234,0.4070765405403214,0.7376042847549855,Low
American Airlines,EZE,MIA,35,0.33933807970335783,0.5402319311745678,0.7400014337432251,Medium
American Airlines,EZE,MIA,27,0.31854246033137074,0.5566575743092285,0.7770755579701338,Medium
LATAM,EZE,MIA,31,0.28514641727221746,0.4482190052591845,0.8521886603104053,Low
Aerolineas Argentinas,EZE,MIA,27,0.13714122073155852,0.617338760295055,0.6601875648116253,Low
LATAM,EZE,MIA,34,0.20880439569029755,0.4050192686754951,0.8195505999415276,Low
LATAM,EZE,MIA,25,0.3113158850431614,0.6742594594914488,1.0,Low
LATAM,EZE,MIA,23,0.2594522850435683,0.23080406395065028,0.7103492662073856,Low
American Airlines,EZE,MIA,30,0.8957457841190632,0.5252759159092824,0.8189706167610397,Medium
Aerolineas Argentinas,EZE,MIA,39,0.09271477183575479,0.887785799811657,0.673801782220339,Medium
LATAM,EZE,MIA,31,0.3738834837379024,0.29993373507888504,0.8359220539526369,Low
American Airlines,EZE,MIA,23,0.21501048601109493,0.36445100589502966,0.8485814444082419,Low
Iberia,EZE,MIA,30,0.22618752962884228,0.602781569931783,0.7358513090955691,Medium
Iberia,EZE,MIA,20,0.3897687099051755,0.5359163563879196,0.9154538951537741,Low
LATAM,EZE,MIA,25,0.37202526719652657,0.5701260198547118,1.0,Low
Iberia,EZE,MIA,25,0.9405029934711208,0.5978374260295327,0.8142429541606035,Medium
Aerolineas Argentinas,EZE,MIA,31,0.08876493154299862,0.6269442937123539,0.8653091275481515,Low
Iberia,EZE,MIA,35,0.07649657512504511,0.7219399683912446,0.6373393708795503,Medium
Iberia,EZE,MIA,30,0.39471802363520586,0.5819637313857025,0.7043563623181992,Medium
Aerolineas Argentinas,EZE,MIA,28,0.3023034102980449,0.4517484690762915,0.8605739611213711,Low
LATAM,EZE,MIA,23,0.15608617791703974,0.6345147402405462,0.9950782695202631,Low
LATAM,EZE,MIA,28,0.06329846112414228,0.8799763869790431,0.8488946682118994,Medium
Aerolineas Argentinas,EZE,MIA,32,0.06672039698500591,0.4734732507234853,0.7553608636143512,Low
Aerolineas Argentinas,EZE,MIA,34,0.5716986809003896,0.3050941390658717,0.7732624738756687,Medium
Aerolineas Argentinas,EZE,MIA,25,0.11889710340753633,0.7214161338573946,0.7082925599363616,Medium
Iberia,EZE,MIA,35,0.17812492425908844,0.47592376720928037,0.8271181993022033,Low
Aerolineas Argentinas,EZE,MIA,32,0.13475245440768308,0.06546609079719273,0.8748999728990076,Low
American Airlines,EZE,MIA,22,0.19239390306067064,0.6694843354300843,0.8081243000500252,Low
Iberia,EZE,MIA,36,0.05766399841802717,0.39293436280921545,0.7129957852240498,Low
LATAM,EZE,MIA,33,0.27074327191994313,0.48189334353916785,0.8065878229652049,Low
LATAM,EZE,MIA,25,0.05662033328978,0.5663960661138029,0.7896613597292739,Low
LATAM,EZE,MIA,24,0.45812325912332447,0.5380999359558133,0.8333867385374177,Medium
Iberia,EZE,MIA,29,0.13793712963737295,0.6418903634278079,1.0,Low
American Airlines,EZE,MIA,36,0.28161780576929657,0.41290272588603133,0.7352974299254004,Low
Aerolineas Argentinas,EZE,MIA,26,0.5502524539849633,0.6026211596352166,0.7908326514645444,Medium
Aerolineas Argentinas,EZE,MIA,31,0.3448635340043001,0.44809066448321655,0.7285791527698174,Medium
LATAM,EZE,MIA,32,0.2779262171162763,0.6477620961775006,0.8610858638166603,Medium
LATAM,EZE,MIA,31,0.17855726005259742,0.6230734968026107,0.775210916011523,Low
Iberia,EZE,MIA,35,0.1824564787636509,0.31291225959108093,0.701729362834524,Low
American Airlines,EZE,MIA,37,0.3567295112789149,0.7171964232350064,0.8854637365606345,Medium
Aerolineas Argentinas,EZE,MIA,38,0.9927177903633199,0.3928073109771904,0.8886269671180304,Medium
Iberia,EZE,MIA,29,0.35179852996531835,0.6616115596562291,0.7466243100927962,Medium
Aerolineas Argentinas,EZE,MIA,26,0.2910648300578232,0.5734574626802681,0.640012671530605,Medium
LATAM,EZE,MIA,32,0.399434101026507,0.8676367353590245,0.8874180356503588,Medium
Aerolineas Argentinas,EZE,MIA,23,0.24389497712754538,0.4553068035256296,0.7782036840906663,Low
American Airlines,EZE,MIA,24,0.05223142393346638,0.4301366407763605,0.9190625599162768,Low
American Airlines,EZE,MIA,22,0.29349938997419694,0.49611607882245345,0.6563229515621497,Low
LATAM,EZE,MIA,26,0.717982250504163,0.4393640434331449,0.9159264004965976,Medium
American Airlines,EZE,MIA,32,0.11122234760597448,0.65998838038841,0.6655494737385885,Medium
American Airlines,EZE,MIA,25,0.3703671680846092,0.1767378783126824,0.9064097452399859,Low
Iberia,EZE,MIA,37,0.12305886446837028,0.2892635161707292,0.7547606401169767,Low
Aerolineas Argentinas,EZE,MIA,32,0.2794242656150969,0.28643941568416137,0.6912727247270021,Low
LATAM,EZE,MIA,29,0.07261395010402096,0.6900615183947152,0.7659630353739886,Low
LATAM,EZE,MIA,30,0.23673391916622447,0.842122674516385,0.8686318456956701,Medium
LATAM,EZE,MIA,24,0.41938807870420675,0.4791101562925057,0.8505894453115234,Low
LATAM,EZE,MIA,21,0.18903132548013302,0.46623565536199785,0.9184412980472484,Low
LATAM,EZE,MIA,26,0.3537701643001827,0.5140104326226362,1.0,Low
American Airlines,EZE,MIA,26,0.45350933620982464,0.732375660521638,0.6702425054955615,Medium
Iberia,EZE,MIA,34,0.6334567275779109,0.3145293731618852,0.9350545908301957,Low
LATAM,EZE,MIA,31,0.13835631993420314,0.547673796546957,0.8037689270856546,Low
Iberia,EZE,MIA,34,0.21269010738121263,0.695039525956486,0.6834549285010205,Medium
Iberia,EZE,MIA,31,0.10042497833077957,0.600218833987969,0.6603019707594343,Low
American Airlines,EZE,MIA,30,0.9604101947239713,0.5379163233197487,0.7810879609222967,Medium
LATAM,EZE,MIA,27,0.6330656582007711,0.7002092185134282,0.912165011192446,Medium
American Airlines,EZE,MIA,22,0.2815890124476953,0.0,0.8405784212955798,Low
LATAM,EZE,MIA,34,0.5014964598755559,0.6355750639061816,0.9244488263580681,Medium
American Airlines,EZE,MIA,33,0.2717175074392138,0.3691848633745152,0.6348824309948441,Low
Iberia,EZE,MIA,26,0.32821694947278507,0.1338734206287086,0.8254577718820612,Low
LATAM,EZE,MIA,35,0.06859384195396201,0.6022405199049962,0.6414273222253547,Medium
Aerolineas Argentinas,EZE,MIA,26,0.418663608728731,0.7747317090325916,0.8630298549291634,Medium
Iberia,EZE,MIA,28,0.08842837976071759,0.4725102970744616,0.9020220723430634,Low
Aerolineas Argentinas,EZE,MIA,39,0.48389742055863755,0.6905749094405877,0.6979238206318946,Medium
Iberia,EZE,MIA,42,0.44131900963958975,0.822455651597729,0.45957861433728653,Medium
American Airlines,EZE,MIA,24,0.3833991156576977,0.7629828907168095,0.8598948146796495,Medium
LATAM,EZE,MIA,37,0.03689912925835279,0.8279929058742785,0.7970071885066843,Medium
Iberia,EZE,MIA,35,0.1690468426063039,0.6484254982143784,0.8070961421628364,Low
American Airlines,EZE,MIA,33,0.15114103076591653,0.5150867277803186,0.9035782191822155,Low
LATAM,EZE,MIA,26,0.19472717228971384,0.17960683762056628,0.7195612987017618,Low
LATAM,EZE,MIA,41,0.06779530223353362,0.4507875023740103,0.7946882772117116,Low
Iberia,EZE,MIA,24,0.6564963811795675,0.3313506809367617,0.9592507512477975,Low
LATAM,EZE,MIA,39,0.2889295295277731,0.9341885434995627,0.5621412415993483,Medium
Iberia,EZE,MIA,33,0.17011986528180886,0.4648228375135327,0.8119651825918978,Low
LATAM,EZE,MIA,41,0.21160968902314925,0.5246409613568971,0.6762486835658995,Medium
Aerolineas Argentinas,EZE,MIA,27,0.23521576752479958,0.6102970752080935,0.8118477326898355,Low
American Airlines,EZE,MIA,25,0.31480170069270336,0.5087204892744908,0.868100981687167,Low
Aerolineas Argentinas,EZE,MIA,20,0.2690134815431959,0.8390102080861506,0.8179438102553115,Medium
Iberia,EZE,MIA,27,0.6169746018561884,0.3754701276531096,0.7524291920838388,Medium
Aerolineas Argentinas,EZE,MIA,19,0.2595507108945486,0.5389214910474486,0.8767485750821358,Low
Iberia,EZE,MIA,31,0.9548523212765629,0.3515058828603903,0.684608739447053,Medium
LATAM,EZE,MIA,27,0.5125407012868323,0.23599549775585882,0.7114174871114816,Low
LATAM,EZE,MIA,38,0.12651916506805272,0.37764618181894294,0.814603994962317,Low
Iberia,EZE,MIA,25,0.6411813263476204,0.4925926405903176,0.7184539298174677,Medium
Aerolineas Argentinas,EZE,MIA,37,0.08276024892833028,0.414139555096548,0.8199645834242545,Low
LATAM,EZE,MIA,37,0.4749365441125137,0.36151580402522876,0.7995924626187284,Medium
American Airlines,EZE,MIA,41,0.2040770852067474,0.2187365072656332,0.554085993787607,Low
LATAM,EZE,MIA,35,0.5472389836874426,0.48337888547426106,0.6989102014331011,Medium
American Airlines,EZE,MIA,30,0.5336012529406488,0.19905592519379955,0.9194109403047372,Low
Aerolineas Argentinas,EZE,MIA,35,0.4634703202950386,0.6520111927379205,0.6685501135526984,Medium
American Airlines,EZE,MIA,29,0.4485135426100934,0.5164879505869007,0.7602262404357278,Medium
American Airlines,EZE,MIA,25,0.16974132265796885,0.2084897001070139,0.879539422658523,Low
American Airlines,EZE,MIA,28,0.06412730471022504,0.4381581845900273,0.8916723842615929,Low
American Airlines,EZE,MIA,26,0.21438896317493675,0.34956871888188334,0.8015127780622171,Low
LATAM,EZE,MIA,16,0.11039208221979833,0.5638349020838361,0.8335823138641691,Low
American Airlines,EZE,MIA,28,0.3737503560498665,0.768090089204629,0.9555703195031842,Medium
LATAM,EZE,MIA,35,0.18836579425363398,0.12496550607085105,0.9405566330464246,Low
American Airlines,EZE,MIA,29,0.7993581451203285,0.5230052158294834,0.9045524717448462,Medium
Iberia,EZE,MIA,41,0.3387238461714989,0.4679734408866719,0.7351984809231691,Medium
Aerolineas Argentinas,EZE,MIA,32,0.48012502434248444,0.6342680152900931,0.705840094502574,Medium
American Airlines,EZE,MIA,41,0.09079886218687237,0.5426393256475378,0.6436222260110102,Medium
Iberia,EZE,MIA,32,0.5257075549053873,0.34960613365223614,0.8389180771932424,Low
American Airlines,EZE,MIA,25,0.6239206356915864,0.43618921286667633,0.8751731554222018,Medium
American Airlines,EZE,MIA,25,0.2546183453749511,0.3407948286393022,0.9734931926279763,Low
American Airlines,EZE,MIA,35,0.31805616204608783,0.7152014277197196,0.8317116759202805,Medium
Iberia,EZE,MIA,28,0.42651070521046414,0.5042623297343884,0.6630253031573515,Medium
Aerolineas Argentinas,EZE,MIA,33,0.11100570764791075,0.8802381371506015,0.885194761772292,Medium
Iberia,EZE,MIA,36,0.26236366175336595,0.48786783723707583,0.6601939372685587,Medium
Aerolineas Argentinas,EZE,MIA,25,0.21238778919153709,0.35831864661790747,0.7949362061380982,Low
American Airlines,EZE,MIA,31,0.09752816393054888,0.19725712147743457,0.8183533539585028,Low
LATAM,EZE,MIA,26,0.1980938105121459,0.13937206474881098,1.0,Low
American Airlines,EZE,MIA,33,0.05694366365147821,0.183172811398902,1.0,Low
Aerolineas Argentinas,EZE,MIA,21,0.029367678480051687,0.5534253302022967,0.9206723059136183,Low
Iberia,EZE,MIA,28,0.09209282113806083,0.6017450046459868,0.7950136714612945,Low
American Airlines,EZE,MIA,34,0.7388403602466297,0.18376185959357327,0.8267838981813883,Medium
Iberia,EZE,MIA,21,0.2866502700865344,0.6790076628152231,0.9487655425873835,Low
Iberia,EZE,MIA,33,0.7501744834646938,0.4033877896633121,0.7479332374442809,Medium
Iberia,EZE,MIA,37,0.22821851221189102,0.5293586023971099,0.9328544689245655,Low
American Airlines,EZE,MIA,30,0.17293923995763985,0.8224441256510848,0.8230070759191402,Medium
Iberia,EZE,MIA,36,0.26416764204180415,0.6793678631731064,0.8097743089091395,Medium
Iberia,EZE,MIA,33,0.2315463267864787,0.4462938704188335,0.8465924252054462,Low
American Airlines,EZE,MIA,26,0.07730034364603251,0.32176155491694247,0.8688253277281123,Low
Iberia,EZE,MIA,35,0.3386343586338403,0.06963691973413899,0.8505607167136279,Low
American Airlines,EZE,MIA,33,0.12994307356814624,0.35616933615151597,0.7182746813453077,Low
Aerolineas Argentinas,EZE,MIA,33,0.3258467567956207,0.4577739522344611,0.7241698246053969,Medium
Aerolineas Argentinas,EZE,MIA,32,0.34444060982243935,0.3025640945697632,0.6766512433694971,Low
Aerolineas Argentinas,EZE,MIA,24,0.10023809099573948,0.47374860658153906,0.8839501230620226,Low
Iberia,EZE,MIA,37,0.05295053950627465,0.5153703765917537,0.8312269836845447,Low
LATAM,EZE,MIA,36,0.4401993842467757,0.45502880363838427,0.8057772866151885,Medium
LATAM,EZE,MIA,27,0.24127538468975432,0.369999483835308,0.9874492433347538,Low
Iberia,EZE,MIA,24,0.05104408926878781,0.5337309343933455,0.8394403981170954,Low
LATAM,EZE,MIA,36,1.0,0.5883881299138818,0.8268741655592513,Medium
American Airlines,EZE,MIA,32,0.050812804186266165,0.28192018451143075,0.6774965790527352,Low
LATAM,EZE,MIA,32,0.3738082471680589,0.7821864759492541,0.7479566964192266,Medium
Iberia,EZE,MIA,35,0.8560115216199468,0.4802823735431476,0.8362204424232443,Medium
Iberia,EZE,MIA,34,0.1404000484357901,0.5037699245889695,0.8582435444076477,Low
American Airlines,EZE,MIA,44,0.09553767112301081,0.6416428846513115,0.6772699719002484,Medium
Aerolineas Argentinas,EZE,MIA,22,0.08528128531375306,0.5466432262527003,0.8461734081475266,Low
Iberia,EZE,MIA,33,0.16911257437765567,0.690627326782649,0.6282126253319191,Medium
American Airlines,EZE,MIA,27,0.0749045543503786,0.5574248330403648,0.7842970799193392,Low
LATAM,EZE,MIA,20,0.3718373795642715,0.3775125250719124,0.9557049830186453,Low
LATAM,EZE,MIA,27,0.05350900198082168,0.5723007050412203,0.8775205016106566,Low
American Airlines,EZE,MIA,34,0.2658286003150236,0.27125475853586767,0.8233999054714543,Low
American Airlines,EZE,MIA,34,1.0,0.5217119411553046,0.7783107020514293,Medium
Iberia,EZE,MIA,30,0.4714149751626701,0.49335400187110784,0.8007063158628177,Medium
LATAM,EZE,MIA,33,0.32327531381577196,0.45837662854549205,0.7139678860526553,Medium
American Airlines,EZE,MIA,29,0.17044654660277722,0.4742924977122138,0.8765495086869202,Low
LATAM,EZE,MIA,24,0.32840152220995517,0.12363019090047217,0.8820972944389389,Low
American Airlines,EZE,MIA,33,0.27485418694754676,0.3902550184518077,0.8292018847992799,Low
LATAM,EZE,MIA,21,0.22518985654037438,0.518568980228223,0.8073965157332419,Low
Aerolineas Argentinas,EZE,MIA,32,0.08990709124263176,0.5319712783994801,0.5713323746795422,Low
Iberia,EZE,MIA,42,0.5598872131703259,0.29446497181480835,0.8297152711753696,Medium
LATAM,EZE,MIA,29,0.23645270641862173,0.7531415681729401,0.7587829210658262,Medium
Aerolineas Argentinas,EZE,MIA,29,0.12016445554240784,0.3267650303570998,0.7203890902623545,Low
LATAM,EZE,MIA,28,0.19819633325543004,0.6938914401053473,0.8826812245247327,Low
LATAM,EZE,MIA,38,0.21958139913742822,0.585438872374337,0.7074654026747537,Medium
Aerolineas Argentinas,EZE,MIA,25,0.48546185323731256,0.37075453803123937,0.9393269717379955,Low
LATAM,EZE,MIA,32,0.40167715176974866,0.8550621785219024,0.8483672616243364,Medium
LATAM,EZE,MIA,37,0.4302934282911397,0.261272633648704,0.8216902656533811,Low
Iberia,EZE,MIA,46,0.016579315781680412,0.6838308347220003,0.5567377622132799,Medium
Aerolineas Argentinas,EZE,MIA,37,0.2205280170782922,0.7001164636085957,0.8745277318719733,Medium
Aerolineas Argentinas,EZE,MIA,34,0.2517918822802923,0.365875958184671,0.799458386456719,Low
