airline;origin_airport;destination_airport;departure_hour;avg_delay_minutes;weather_risk;baggage_complaints;avg_sentiment;cancellation_strict_rate;connection_rate;delay_rate;stress_score;stress_level
Aeroflot;SVO;ULV;6;0.0;0.09;0.0;0.0;0.0;0.0;0.0;0.2527699907107863;Low
VietJet Air;PXU;HAN;17;50.0;0.07;0.0;0.0;0.0;0.0;0.0;0.35432149891801706;Medium
Flexflight;PXU;HAN;17;0.0;0.07;0.0;0.0;0.0;0.0;0.0;0.2593381976670485;Low
Atlantic Airways;PXO;CPH;11;0.0;0.07;0.0;0.0;0.0;0.0;0.0;0.32061208994856183;Low
TAP Air Portugal;PXO;LIS;12;0.0;0.07;0.0;0.0;0.0;0.0;0.0;0.1976092637693665;Low
Turkish Airlines;PXO;LIS;12;78.0;0.07;33.0;-0.2772789579158317;0.0290581162324649;0.0220440881763527;0.280561122244489;0.5335090903682668;Medium
Azores Airlines;PXO;LIS;12;0.0;0.07;0.0;0.0;0.0;0.0;0.0;0.3245448970855174;Low
Delta Air Lines;PWM;JFK;6;80.0;0.09;24.0;-0.1926442885771543;0.065130260521042;0.0160320641282565;0.3156312625250501;0.6073635172130483;High
SAS;PWM;JFK;6;0.0;0.09;0.0;0.0;0.0;0.0;0.0;0.18513679298455335;Low
KLM;PWM;JFK;6;0.0;0.09;0.0;0.0;0.0;0.0;0.0;0.2559792030510175;Low
Korean Air;PWM;JFK;6;0.0;0.09;1.0;0.5797912605042017;0.0016806722689075;0.0016806722689075;0.0907563025210084;0.0834680556207747;Low
Aeromexico;PWM;JFK;6;0.0;0.09;19.0;-0.1264282369146005;0.0371900826446281;0.0151515151515151;0.2011019283746556;0.24642836628589468;Low
SAS;PVK;OSL;11;0.0;0.12;0.0;0.0;0.0;0.0;0.0;0.2409373590096224;Low
British Airways;PVK;LHR;13;16.0;0.12;20.0;-0.0446404404404404;0.054054054054054;0.009009009009009;0.2402402402402402;0.19114261510618638;Low
Cathay Pacific;PVG;HKG;19;26.0;0.22;7.0;0.3745211422845692;0.0120240480961923;0.0050100200400801;0.1833667334669338;0.15566014050164279;Low
Shanghai Airlines;PVG;KUL;18;0.0;0.22;0.0;0.0;0.0;0.0;0.0;0.20463987295313193;Low
Juneyao Air;PVG;LCX;18;0.0;0.22;0.0;0.0;0.0;0.0;0.0;0.17310182157659035;Low
China Southern Airlines;PVG;CGO;18;0.0;0.22;10.0;0.6739554554554555;0.015015015015015;0.004004004004004;0.1021021021021021;0.14877378975814562;Low
Sichuan Airlines;PVG;CKG;18;0.0;0.22;0.0;0.0;0.0;0.0;0.0;0.18043831471351524;Low
China Eastern Airlines;PVG;KMG;18;0.0;0.22;8.0;0.060356446991404;0.0257879656160458;0.0085959885386819;0.2793696275071633;0.17884109047673014;Low
Juneyao Air;PVG;CJU;18;107.0;0.22;0.0;0.0;0.0;0.0;0.0;0.6675954138245087;High
China Southern Airlines;PVG;SHE;18;0.0;0.22;10.0;0.6739554554554555;0.015015015015015;0.004004004004004;0.1021021021021021;0.11097213544241895;Low
Air China;PVG;PEK;18;0.0;0.22;35.0;-0.0481095652173913;0.017391304347826;0.0198757763975155;0.2645962732919255;0.30064702401759563;Low
China Southern Airlines;PVG;CGQ;18;0.0;0.22;10.0;0.6739554554554555;0.015015015015015;0.004004004004004;0.1021021021021021;0.02704410344153446;Low
Pan American Airways;PVG;CKG;18;0.0;0.22;0.0;0.0;0.0;0.0;0.0;0.20589320928323723;Low
KlasJet;PVG;ICN;18;0.0;0.22;0.0;0.0;0.0;0.0;0.0;0.25176458127969065;Low
Spring Airlines;PVG;HKT;18;0.0;0.22;0.0;0.0;0.0;0.0;0.0;0.1634304495804388;Low
Shenzhen Airlines;PVG;SZX;18;0.0;0.22;0.0;0.0;0.0;0.0;0.0;0.27029886128419706;Low
Shanghai Airlines;PVG;URC;18;0.0;0.22;0.0;0.0;0.0;0.0;0.0;0.20195529170568366;Low
Spring Airlines;PVG;PUS;18;0.0;0.22;0.0;0.0;0.0;0.0;0.0;0.22358143751447065;Low
Shanghai Airlines;PVG;ZHA;18;18.0;0.22;0.0;0.0;0.0;0.0;0.0;0.25588053714394227;Low
China Eastern Airlines;PVG;HKG;18;0.0;0.22;8.0;0.060356446991404;0.0257879656160458;0.0085959885386819;0.2793696275071633;0.4073618224858262;Medium
Juneyao Air;PVG;SYD;18;0.0;0.22;0.0;0.0;0.0;0.0;0.0;0.24305519426834465;Low
All Nippon Airways;PVG;KIX;18;0.0;0.22;0.0;0.0;0.0;0.0;0.0;0.169960234973087;Low
Juneyao Air;PVG;SHE;18;0.0;0.22;0.0;0.0;0.0;0.0;0.0;0.30157814384722326;Low
Shanghai Airlines;PVG;BKK;18;15.0;0.22;0.0;0.0;0.0;0.0;0.0;0.20354094450202848;Low
China Southern Airlines;PVG;CAN;18;0.0;0.22;10.0;0.6739554554554555;0.015015015015015;0.004004004004004;0.1021021021021021;0.14139692812680932;Low
Shanghai Airlines;PVG;WDS;18;0.0;0.22;0.0;0.0;0.0;0.0;0.0;0.10682309132841572;Low
China Eastern Airlines;PVG;DSN;18;0.0;0.22;8.0;0.060356446991404;0.0257879656160458;0.0085959885386819;0.2793696275071633;0.1847293261473104;Low
Juneyao Air;PVG;UYN;18;48.0;0.22;0.0;0.0;0.0;0.0;0.0;0.40178028651083864;Medium
Shanghai Airlines;PVG;HKT;18;0.0;0.22;0.0;0.0;0.0;0.0;0.0;0.29569266059967875;Low
Japan Airlines;PVG;HND;12;0.0;0.2;1.0;0.5609684331797234;0.0046082949308755;0.0;0.0967741935483871;0.15500946631924264;Low
China Eastern Airlines;PVG;HND;12;0.0;0.2;8.0;0.060356446991404;0.0257879656160458;0.0085959885386819;0.2793696275071633;0.26560696980302373;Low
China Southern Airlines;PVG;CKG;11;0.0;0.18;10.0;0.6739554554554555;0.015015015015015;0.004004004004004;0.1021021021021021;0.09769921778522622;Low
Hainan Airlines;PVG;HKG;11;21.0;0.18;1.0;0.7446135514018691;0.0116822429906542;0.0070093457943925;0.116822429906542;0.0658564513284857;Low
China Express Airlines;PVG;TFU;11;33.0;0.18;0.0;0.0;0.0;0.0;0.0;0.28461090541237044;Low
Air Century;JBQ;CUR;7;65.0;0.05;0.0;0.0;0.0;0.0;0.0;0.3727552860328149;Medium
euroairlines;JBQ;CUR;7;0.0;0.05;0.0;0.0;0.0;0.0;0.0;0.28399855583532413;Low
United Airlines;JAX;IAH;7;0.0;0.1;27.0;-0.0650228456913827;0.0721442885771543;0.0180360721442885;0.3607214428857715;0.32198770912750774;Low
Air New Zealand;JAX;IAH;7;0.0;0.1;8.0;0.2500417995444191;0.0398633257403189;0.0079726651480637;0.1264236902050114;0.07152188160752435;Low
All Nippon Airways;JAX;IAH;7;40.0;0.1;0.0;0.0;0.0;0.0;0.0;0.3626858778576357;Medium
Air Canada;JAX;IAH;7;0.0;0.1;71.0;-0.3095768537074148;0.0781563126252505;0.0250501002004008;0.4448897795591182;0.33341652493999613;Low
American Airlines;JAX;PHL;7;19.0;0.1;26.0;-0.3769642284569138;0.0611222444889779;0.0220440881763527;0.4859719438877755;0.3870724339264787;Medium
British Airways;JAX;PHL;7;0.0;0.1;20.0;-0.0446404404404404;0.054054054054054;0.009009009009009;0.2402402402402402;0.31588957245109295;Low
Delta Air Lines;JAX;ATL;7;0.0;0.1;24.0;-0.1926442885771543;0.065130260521042;0.0160320641282565;0.3156312625250501;0.3878130527470613;Medium
WestJet;JAX;ATL;7;0.0;0.1;32.0;-0.2166061061061061;0.068068068068068;0.015015015015015;0.2912912912912913;0.38241473346325905;Medium
LATAM Airlines;JAX;ATL;7;0.0;0.1;13.0;-0.1786123616236162;0.0461254612546125;0.0166051660516605;0.2084870848708487;0.2351691276179577;Low
Korean Air;JAX;ATL;7;0.0;0.1;1.0;0.5797912605042017;0.0016806722689075;0.0016806722689075;0.0907563025210084;0.09626242780806203;Low
Aeromexico;JAX;ATL;7;23.0;0.1;19.0;-0.1264282369146005;0.0371900826446281;0.0151515151515151;0.2011019283746556;0.3732178892340622;Medium
American Airlines;JAX;MIA;7;0.0;0.1;26.0;-0.3769642284569138;0.0611222444889779;0.0220440881763527;0.4859719438877755;0.445745132846461;Medium
Qatar Airways;JAX;MIA;7;111.0;0.1;17.0;0.423738376753507;0.0120240480961923;0.0090180360721442;0.1102204408817635;0.45304680134682174;Medium
British Airways;JAX;MIA;7;0.0;0.1;20.0;-0.0446404404404404;0.054054054054054;0.009009009009009;0.2402402402402402;0.260076103865765;Low
Southwest Airlines;JAX;BWI;6;0.0;0.12;14.0;-0.1219698698698698;0.091091091091091;0.002002002002002;0.3153153153153153;0.23191148675451295;Low
American Airlines;JAX;ORD;6;0.0;0.12;26.0;-0.3769642284569138;0.0611222444889779;0.0220440881763527;0.4859719438877755;0.2977225102622489;Low
AlphaSky;JAX;ORD;6;0.0;0.12;0.0;0.0;0.0;0.0;0.0;0.28087680756759387;Low
Delta Air Lines;JAX;BOS;6;0.0;0.12;24.0;-0.1926442885771543;0.065130260521042;0.0160320641282565;0.3156312625250501;0.41457988817230235;Medium
Virgin Atlantic;JAX;BOS;6;0.0;0.12;8.0;0.3328233485193622;0.0068337129840546;0.0045558086560364;0.0979498861047836;0.16811216164882992;Low
SAS;JAX;BOS;6;0.0;0.12;0.0;0.0;0.0;0.0;0.0;0.2942473028524417;Low
United Airlines;JAX;EWR;6;0.0;0.12;27.0;-0.0650228456913827;0.0721442885771543;0.0180360721442885;0.3607214428857715;0.32724895061104975;Low
Air Canada;JAX;EWR;6;23.0;0.12;71.0;-0.3095768537074148;0.0781563126252505;0.0250501002004008;0.4448897795591182;0.3882139017467795;Medium
American Airlines;JAX;CLT;6;0.0;0.12;26.0;-0.3769642284569138;0.0611222444889779;0.0220440881763527;0.4859719438877755;0.40675466633348484;Medium
Southwest Airlines;JAX;BNA;6;0.0;0.12;14.0;-0.1219698698698698;0.091091091091091;0.002002002002002;0.3153153153153153;0.4170174945875528;Medium
American Airlines;JAX;CLT;6;40.0;0.12;26.0;-0.3769642284569138;0.0611222444889779;0.0220440881763527;0.4859719438877755;0.49894915121019917;Medium
Delta Air Lines;JAX;LGA;6;58.0;0.12;24.0;-0.1926442885771543;0.065130260521042;0.0160320641282565;0.3156312625250501;0.6031681420793251;High
WestJet;JAX;LGA;6;117.0;0.12;32.0;-0.2166061061061061;0.068068068068068;0.015015015015015;0.2912912912912913;0.48884296783884296;Medium
Air Greenland;JAV;GOH;9;0.0;0.1;0.0;0.0;0.0;0.0;0.0;0.2775331753062657;Low
Delta Air Lines;JAN;ATL;5;0.0;0.05;24.0;-0.1926442885771543;0.065130260521042;0.0160320641282565;0.3156312625250501;0.3117363809490167;Low
Delta Air Lines;JAN;ATL;5;0.0;0.05;24.0;-0.1926442885771543;0.065130260521042;0.0160320641282565;0.3156312625250501;0.28471257163973396;Low
WestJet;JAN;ATL;5;0.0;0.05;32.0;-0.2166061061061061;0.068068068068068;0.015015015015015;0.2912912912912913;0.31364837948261026;Low
Korean Air;JAN;ATL;5;0.0;0.05;1.0;0.5797912605042017;0.0016806722689075;0.0016806722689075;0.0907563025210084;0.0;Low
Aeromexico;JAN;ATL;5;0.0;0.05;19.0;-0.1264282369146005;0.0371900826446281;0.0151515151515151;0.2011019283746556;0.2556524168871868;Low
American Airlines;JAN;DFW;5;0.0;0.05;26.0;-0.3769642284569138;0.0611222444889779;0.0220440881763527;0.4859719438877755;0.3924548539537181;Medium
American Airlines;JAN;CLT;5;0.0;0.05;26.0;-0.3769642284569138;0.0611222444889779;0.0220440881763527;0.4859719438877755;0.470909557079802;Medium
Southwest Airlines;JAN;HOU;5;0.0;0.05;14.0;-0.1219698698698698;0.091091091091091;0.002002002002002;0.3153153153153153;0.2590760196557796;Low
Baker Aviation;JAC;VNY;4;82.0;0.04;0.0;0.0;0.0;0.0;0.0;0.39740544779747683;Medium
AlphaSky;HND;IZO;18;76.0;0.04;0.0;0.0;0.0;0.0;0.0;0.40087700694908246;Medium
Finnair;HND;IZO;18;0.0;0.04;20.0;0.2101274817136886;0.0208986415882967;0.0167189132706374;0.2006269592476489;0.26328149202179935;Low
Virgin Atlantic;DEL;IXR;14;0.0;0.07;8.0;0.3328233485193622;0.0068337129840546;0.0045558086560364;0.0979498861047836;0.18616544783563124;Low
Alliance Air;HSS;IXC;15;0.0;0.07;0.0;0.0;0.0;0.0;0.0;0.1769167857363073;Low
Qantas;HND;ITM;18;0.0;0.04;0.0;0.0;0.0;0.0;0.0;0.24392872031793494;Low
Finnair;HND;ITM;18;0.0;0.04;20.0;0.2101274817136886;0.0208986415882967;0.0167189132706374;0.2006269592476489;0.20599877223701696;Low
AlphaSky;HND;ITM;18;0.0;0.04;0.0;0.0;0.0;0.0;0.0;0.27580514933730227;Low
China Airlines;HND;ITM;18;82.0;0.04;8.0;0.3948239837398374;0.0060975609756097;0.0121951219512195;0.1768292682926829;0.35333051107086166;Medium
Air Cambodia;HAN;SAI;15;0.0;0.14;0.0;0.0;0.0;0.0;0.0;0.20506364973815622;Low
Air France;HAN;SAI;15;47.0;0.14;59.0;0.0674080160320641;0.0240480961923847;0.0140280561122244;0.2254509018036072;0.36549567577373493;Medium
All Nippon Airways;HAN;SAI;15;0.0;0.14;0.0;0.0;0.0;0.0;0.0;0.1255539536307517;Low
Chengdu Airlines;HSC;TFU;15;0.0;0.04;0.0;0.0;0.0;0.0;0.0;0.22872841939452035;Low
Shenzhen Airlines;LZY;TFU;10;115.0;0.07;0.0;0.0;0.0;0.0;0.0;0.5772738690525921;Medium
HiSky;RMO;DUS;13;0.0;0.1;0.0;0.0;0.0;0.0;0.0;0.2203579419649723;Low
Azerbaijan Airlines;RMO;GYD;13;0.0;0.1;0.0;0.0;0.0;0.0;0.0;0.20357890066373974;Low
Vietnam Airlines;SAI;HAN;18;64.0;0.09;7.0;0.2630677545691905;0.0117493472584856;0.0039164490861618;0.1840731070496083;0.28768386528884693;Low
Air Cambodia;SAI;HAN;18;0.0;0.09;0.0;0.0;0.0;0.0;0.0;0.18855482740642487;Low
Air France;SAI;HAN;18;72.0;0.09;59.0;0.0674080160320641;0.0240480961923847;0.0140280561122244;0.2254509018036072;0.43395323033611205;Medium
Air Cambodia;SAI;SGN;17;0.0;0.1;0.0;0.0;0.0;0.0;0.0;0.1638405911544867;Low
Turkish Airlines;SAI;SGN;17;0.0;0.1;33.0;-0.2772789579158317;0.0290581162324649;0.0220440881763527;0.280561122244489;0.31060867753808874;Low
Vietnam Airlines;SAI;SGN;17;0.0;0.1;7.0;0.2630677545691905;0.0117493472584856;0.0039164490861618;0.1840731070496083;0.22504337720939366;Low
AirAsia Cambodia;SAI;KUL;17;0.0;0.1;0.0;0.0;0.0;0.0;0.0;0.35203301308473717;Medium
Air China;TFU;CGQ;19;0.0;0.03;35.0;-0.0481095652173913;0.017391304347826;0.0198757763975155;0.2645962732919255;0.2701404965876697;Low
China Eastern Airlines;TFU;PVG;19;0.0;0.03;8.0;0.060356446991404;0.0257879656160458;0.0085959885386819;0.2793696275071633;0.2577308769207941;Low
Hainan Airlines;TFU;CAN;19;0.0;0.03;1.0;0.7446135514018691;0.0116822429906542;0.0070093457943925;0.116822429906542;0.0711417765505739;Low
Loong Air;TFU;HGH;19;0.0;0.03;0.0;0.0;0.0;0.0;0.0;0.0716860149290671;Low
Sichuan Airlines;TFU;HUZ;19;0.0;0.03;0.0;0.0;0.0;0.0;0.0;0.20414402871855483;Low
Sichuan Airlines;TFU;DNH;19;0.0;0.03;0.0;0.0;0.0;0.0;0.0;0.21021611469587187;Low
Shenzhen Airlines;TFU;CAN;18;0.0;0.04;0.0;0.0;0.0;0.0;0.0;0.38042694787397;Medium
Shandong Airlines;TFU;TAO;18;0.0;0.04;0.0;0.0;0.0;0.0;0.0;0.19453473246532144;Low
Xiamen Air;TFU;HGH;18;0.0;0.04;0.0;0.0;0.0;0.0;0.0;0.2291083139633529;Low
China Eastern Airlines;TFU;WUH;18;0.0;0.04;8.0;0.060356446991404;0.0257879656160458;0.0085959885386819;0.2793696275071633;0.23927252569083357;Low
China Southern Airlines;TFU;SYX;18;0.0;0.04;10.0;0.6739554554554555;0.015015015015015;0.004004004004004;0.1021021021021021;0.008969013843109191;Low
Air China;TFU;CGO;18;66.0;0.04;35.0;-0.0481095652173913;0.017391304347826;0.0198757763975155;0.2645962732919255;0.5379176467054925;Medium
Air China;TFU;LJG;18;120.0;0.04;35.0;-0.0481095652173913;0.017391304347826;0.0198757763975155;0.2645962732919255;0.6725553619775152;High
China Southern Airlines;TFU;CSX;18;34.0;0.04;10.0;0.6739554554554555;0.015015015015015;0.004004004004004;0.1021021021021021;0.24814871276948977;Low
China Southern Airlines;TFU;SHE;18;0.0;0.04;10.0;0.6739554554554555;0.015015015015015;0.004004004004004;0.1021021021021021;0.02711935464084471;Low
Air China;TFU;TYN;18;104.0;0.04;35.0;-0.0481095652173913;0.017391304347826;0.0198757763975155;0.2645962732919255;0.670115651454968;High
Hainan Airlines;TFU;SZX;18;0.0;0.04;1.0;0.7446135514018691;0.0116822429906542;0.0070093457943925;0.116822429906542;0.0;Low
Air China;TFU;CAN;18;51.0;0.04;35.0;-0.0481095652173913;0.017391304347826;0.0198757763975155;0.2645962732919255;0.45400004625545987;Medium
Sichuan Airlines;TFU;JGN;18;0.0;0.04;0.0;0.0;0.0;0.0;0.0;0.3613318938066985;Medium
Sichuan Airlines;TFU;KUL;18;60.0;0.04;0.0;0.0;0.0;0.0;0.0;0.31866245724085185;Low
Singapore Airlines;TFU;SIN;18;63.0;0.04;9.0;0.380074074074074;0.01001001001001;0.012012012012012;0.1051051051051051;0.2986116113802585;Low
Air China;TFU;XNN;18;0.0;0.04;35.0;-0.0481095652173913;0.017391304347826;0.0198757763975155;0.2645962732919255;0.26689564524557585;Low
Jiangxi Air;TFU;KHN;18;20.0;0.04;0.0;0.0;0.0;0.0;0.0;0.23275670421186606;Low
Air China;TFU;KRL;18;0.0;0.04;35.0;-0.0481095652173913;0.017391304347826;0.0198757763975155;0.2645962732919255;0.15137360951481169;Low
Air China;TFU;HMI;18;73.0;0.04;35.0;-0.0481095652173913;0.017391304347826;0.0198757763975155;0.2645962732919255;0.4837194579258629;Medium
Spring Airlines;TFU;TAO;18;0.0;0.04;0.0;0.0;0.0;0.0;0.0;0.13363874003917267;Low
Lucky Air;TFU;HAK;18;62.0;0.04;0.0;0.0;0.0;0.0;0.0;0.42715147014446275;Medium
Sichuan Airlines;TFU;TSN;18;0.0;0.04;0.0;0.0;0.0;0.0;0.0;0.14364030360363378;Low
Sichuan Airlines;TFU;SZX;18;0.0;0.04;0.0;0.0;0.0;0.0;0.0;0.3164954083512278;Low
China Southern Airlines;TFU;PVG;12;0.0;0.05;10.0;0.6739554554554555;0.015015015015015;0.004004004004004;0.1021021021021021;0.037948746012939835;Low
Xiamen Air;TFU;PVG;12;65.0;0.05;0.0;0.0;0.0;0.0;0.0;0.38245569386560274;Medium
Xiamen Air;TFU;HGH;12;32.0;0.05;0.0;0.0;0.0;0.0;0.0;0.36294620521587695;Medium
China United Airlines;TFU;HGH;12;88.0;0.05;0.0;0.0;0.0;0.0;0.0;0.3878394978496231;Medium
Sichuan Airlines;TFU;HGH;12;26.0;0.05;0.0;0.0;0.0;0.0;0.0;0.3039221954222891;Low
Loong Air;CKG;HAK;15;0.0;0.03;0.0;0.0;0.0;0.0;0.0;0.29749999279977;Low
Sichuan Airlines;TFU;HAK;15;0.0;0.05;0.0;0.0;0.0;0.0;0.0;0.09747617358071409;Low
Sichuan Airlines;SZX;HAK;16;104.0;0.18;0.0;0.0;0.0;0.0;0.0;0.5609243700972614;Medium
Oman Air;HAN;KUL;13;0.0;0.13;5.0;0.2884153241650294;0.0392927308447937;0.0196463654223968;0.1532416502946954;0.21538888793530714;Low
SriLankan Airlines;HAN;KUL;13;0.0;0.13;0.0;0.0;0.0;0.0;0.0;0.28072760102441174;Low
Qatar Airways;HAN;KUL;13;119.0;0.13;17.0;0.423738376753507;0.0120240480961923;0.0090180360721442;0.1102204408817635;0.43000244823452627;Medium
KLM;HAN;KUL;13;0.0;0.13;0.0;0.0;0.0;0.0;0.0;0.13356803708410064;Low
Loong Air;HAK;HGH;16;46.0;0.19;0.0;0.0;0.0;0.0;0.0;0.41253590959318287;Medium
AlphaSky;GYD;TBS;14;0.0;0.14;0.0;0.0;0.0;0.0;0.0;0.24878892712632303;Low
Hebei Airlines;CGO;HET;16;62.0;0.01;0.0;0.0;0.0;0.0;0.0;0.4055344995242114;Medium
Juneyao Air;CGO;HET;16;103.0;0.01;0.0;0.0;0.0;0.0;0.0;0.5352513746647883;Medium
China Express Airlines;CGO;HET;16;0.0;0.01;0.0;0.0;0.0;0.0;0.0;0.15439826948950564;Low
Shenzhen Airlines;HGH;PEK;13;0.0;0.17;0.0;0.0;0.0;0.0;0.0;0.25025775880127027;Low
Shandong Airlines;HGH;PEK;13;110.0;0.17;0.0;0.0;0.0;0.0;0.0;0.5845150731309078;Medium
Air Canada;HGH;PEK;13;0.0;0.17;71.0;-0.3095768537074148;0.0781563126252505;0.0250501002004008;0.4448897795591182;0.32436768530729254;Low
Shandong Airlines;HGH;SZX;12;0.0;0.16;0.0;0.0;0.0;0.0;0.0;0.362604215780133;Medium
Juneyao Air;HGH;SZX;12;0.0;0.16;0.0;0.0;0.0;0.0;0.0;0.2651683044638251;Low
Air China;HGH;SZX;12;0.0;0.16;35.0;-0.0481095652173913;0.017391304347826;0.0198757763975155;0.2645962732919255;0.20052880488525554;Low
Shenzhen Airlines;HGH;CTU;12;0.0;0.16;0.0;0.0;0.0;0.0;0.0;0.2779587526043681;Low
Shandong Airlines;HGH;CTU;12;0.0;0.16;0.0;0.0;0.0;0.0;0.0;0.1637722830840875;Low
Kenya Airways;HGH;CAN;12;51.0;0.16;0.0;0.0;0.0;0.0;0.0;0.44009592226197164;Medium
Xiamen Air;HGH;CAN;12;0.0;0.16;0.0;0.0;0.0;0.0;0.0;0.3131016905305183;Low
Sichuan Airlines;HGH;CAN;12;0.0;0.16;0.0;0.0;0.0;0.0;0.0;0.17455223771538028;Low
Xiamen Air;HET;CIF;18;108.0;0.21;0.0;0.0;0.0;0.0;0.0;0.6334363290471026;High
Hainan Airlines;HET;CIF;18;0.0;0.21;1.0;0.7446135514018691;0.0116822429906542;0.0070093457943925;0.116822429906542;0.14124765553976049;Low
Loong Air;HET;CIF;18;0.0;0.21;0.0;0.0;0.0;0.0;0.0;0.29954421119961433;Low
Sichuan Airlines;HET;CIF;18;0.0;0.21;0.0;0.0;0.0;0.0;0.0;0.37477550878577637;Medium
Aerolineas Argentinas;GRU;XAP;7;0.0;0.1;3.0;0.0618590308370044;0.0220264317180616;0.013215859030837;0.3303964757709251;0.24331446183574623;Low
Qantas;GRU;SCL;7;0.0;0.1;0.0;0.0;0.0;0.0;0.0;0.16723846849497576;Low
Delta Air Lines;GRU;SCL;7;0.0;0.1;24.0;-0.1926442885771543;0.065130260521042;0.0160320641282565;0.3156312625250501;0.2533770760985581;Low
British Airways;GRU;SCL;7;0.0;0.1;20.0;-0.0446404404404404;0.054054054054054;0.009009009009009;0.2402402402402402;0.21596551228465152;Low
TAP Air Portugal;GRU;POA;7;0.0;0.1;0.0;0.0;0.0;0.0;0.0;0.21460288034101274;Low
Turkish Airlines;GRU;POA;7;0.0;0.1;33.0;-0.2772789579158317;0.0290581162324649;0.0220440881763527;0.280561122244489;0.34577931559187447;Low
Batik Air;KUL;HKT;12;0.0;0.04;0.0;0.0;0.0;0.0;0.0;0.22736835595310134;Low
Batik Air;KUL;HKG;10;0.0;0.08;0.0;0.0;0.0;0.0;0.0;0.2739028274325217;Low
Air Europa;HKT;AUH;15;100.0;0.05;0.0;0.0;0.0;0.0;0.0;0.5109101324314534;Medium
Bangkok Airways;HKT;AUH;15;0.0;0.05;0.0;0.0;0.0;0.0;0.0;0.3117473854010122;Low
UPS;HKG;ANC;14;0.0;0.22;0.0;0.0;0.0;0.0;0.0;0.2254740216733431;Low
Turkish Airlines;HKG;NRT;14;0.0;0.22;33.0;-0.2772789579158317;0.0290581162324649;0.0220440881763527;0.280561122244489;0.5363105190159827;Medium
Etihad Airways;HKG;KIX;14;0.0;0.22;21.0;-0.2707907815631262;0.0250501002004008;0.0060120240480961;0.1402805611222445;0.36675446985457244;Medium
Turkish Airlines;HKG;KIX;14;0.0;0.22;33.0;-0.2772789579158317;0.0290581162324649;0.0220440881763527;0.280561122244489;0.2858976484055696;Low
Ryanair;GDN;BOJ;13;89.0;0.13;8.0;-0.1784060120240481;0.0200400801603206;0.0;0.1933867735470942;0.485732755596644;Medium
Japan Airlines;HND;FUK;12;0.0;0.05;1.0;0.5609684331797234;0.0046082949308755;0.0;0.0967741935483871;0.14678675570296768;Low
Japan Airlines;HND;FUK;11;0.0;0.06;1.0;0.5609684331797234;0.0046082949308755;0.0;0.0967741935483871;0.09937129166313513;Low
Japan Airlines;FUK;HND;12;88.0;0.1;1.0;0.5609684331797234;0.0046082949308755;0.0;0.0967741935483871;0.4369937212223912;Medium
LATAM Airlines;EZE;BRC;7;0.0;0.12;13.0;-0.1786123616236162;0.0461254612546125;0.0166051660516605;0.2084870848708487;0.3310409879636905;Low
Japan Airlines;AKL;SYD;18;39.0;0.06;1.0;0.5609684331797234;0.0046082949308755;0.0;0.0967741935483871;0.2269156627499636;Low
Emirates;AKL;SYD;18;0.0;0.06;14.0;-0.0264453546453546;0.0279720279720279;0.0149850149850149;0.1328671328671328;0.1821393847901567;Low
China Airlines;AKL;SYD;18;0.0;0.06;8.0;0.3948239837398374;0.0060975609756097;0.0121951219512195;0.1768292682926829;0.05443492191426588;Low
Finnair;AKL;SYD;18;81.0;0.06;20.0;0.2101274817136886;0.0208986415882967;0.0167189132706374;0.2006269592476489;0.41494729713796263;Medium
AlphaSky;AKL;SYD;18;0.0;0.06;0.0;0.0;0.0;0.0;0.0;0.2719479156026431;Low
Paranair;MVD;ASU;1;0.0;0.13;0.0;0.0;0.0;0.0;0.0;0.2409865620891143;Low
Air New Zealand;ATL;IAH;7;0.0;0.12;8.0;0.2500417995444191;0.0398633257403189;0.0079726651480637;0.1264236902050114;0.11173297797307656;Low
All Nippon Airways;ATL;IAH;7;0.0;0.12;0.0;0.0;0.0;0.0;0.0;0.23612266480958274;Low
KLM;ATL;PBI;7;0.0;0.12;0.0;0.0;0.0;0.0;0.0;0.2509722165810186;Low
GOL;ATL;MIA;7;0.0;0.12;0.0;0.0;0.0;0.0;0.0;0.1621299794659207;Low
British Airways;ATL;MIA;7;0.0;0.12;20.0;-0.0446404404404404;0.054054054054054;0.009009009009009;0.2402402402402402;0.28783298964841914;Low
Japan Airlines;ATL;BOS;7;78.0;0.12;1.0;0.5609684331797234;0.0046082949308755;0.0;0.0967741935483871;0.3650882969271647;Medium
Etihad Airways;ATL;BOS;7;56.0;0.12;21.0;-0.2707907815631262;0.0250501002004008;0.0060120240480961;0.1402805611222445;0.3909498346628784;Medium
United Airlines;ATL;YYZ;7;0.0;0.12;27.0;-0.0650228456913827;0.0721442885771543;0.0180360721442885;0.3607214428857715;0.32697954408209523;Low
Volaris;ATL;ORD;6;0.0;0.16;0.0;0.0;0.0;0.0;0.0;0.2712549168457764;Low
Virgin Australia;ATL;SFO;6;80.0;0.16;0.0;0.0;0.0;0.0;0.0;0.5478135870222695;Medium
Air New Zealand;ATL;SFO;6;0.0;0.16;8.0;0.2500417995444191;0.0398633257403189;0.0079726651480637;0.1264236902050114;0.28070083612535895;Low
Air Canada;ATL;EWR;6;0.0;0.16;71.0;-0.3095768537074148;0.0781563126252505;0.0250501002004008;0.4448897795591182;0.2759354288121419;Low
Volaris;ATL;IAH;6;0.0;0.16;0.0;0.0;0.0;0.0;0.0;0.1663522472059414;Low
Qatar Airways;ATL;JFK;6;0.0;0.16;17.0;0.423738376753507;0.0120240480961923;0.0090180360721442;0.1102204408817635;0.20164146670059815;Low
LOT;ATL;JFK;6;0.0;0.16;0.0;0.0;0.0;0.0;0.0;0.26796501656385463;Low
Japan Airlines;ATL;JFK;6;0.0;0.16;1.0;0.5609684331797234;0.0046082949308755;0.0;0.0967741935483871;0.17106702467736806;Low
Etihad Airways;ATL;JFK;6;88.0;0.16;21.0;-0.2707907815631262;0.0250501002004008;0.0060120240480961;0.1402805611222445;0.8446489598568525;High
AlphaSky;ATL;DFW;6;98.0;0.16;0.0;0.0;0.0;0.0;0.0;0.5659623357485217;Medium
Ethiopian Airlines;ATL;IAD;5;95.0;0.17;0.0;0.0;0.0;0.0;0.0;0.5984895948126419;Medium
DHL Air;ATL;CVG;0;0.0;0.07;0.0;0.0;0.0;0.0;0.0;0.2807801234445242;Low
Avincis;AES;SKN;9;0.0;0.1;0.0;0.0;0.0;0.0;0.0;0.2655973875914059;Low
China Southern Airlines;LZY;TFU;10;0.0;0.07;10.0;0.6739554554554555;0.015015015015015;0.004004004004004;0.1021021021021021;0.07470762935165225;Low
Xiamen Air;TFU;TAO;12;0.0;0.05;0.0;0.0;0.0;0.0;0.0;0.2631278454345287;Low
China United Airlines;TFU;TAO;12;0.0;0.05;0.0;0.0;0.0;0.0;0.0;0.15590223498237;Low
Sichuan Airlines;TFU;TAO;12;51.0;0.05;0.0;0.0;0.0;0.0;0.0;0.3464226975281994;Low
Xiamen Air;TFU;SHA;12;45.0;0.05;0.0;0.0;0.0;0.0;0.0;0.3110245516519628;Low
Finnair;TFU;PVG;12;42.0;0.05;20.0;0.2101274817136886;0.0208986415882967;0.0167189132706374;0.2006269592476489;0.3329345335396967;Low
China Eastern Airlines;TFU;PVG;12;40.0;0.05;8.0;0.060356446991404;0.0257879656160458;0.0085959885386819;0.2793696275071633;0.5257284492373462;Medium
Shenzhen Airlines;TFU;PVG;12;0.0;0.05;0.0;0.0;0.0;0.0;0.0;0.07929143651857765;Low
Sichuan Airlines;TFU;PVG;12;0.0;0.05;0.0;0.0;0.0;0.0;0.0;0.25803821332621596;Low
Hebei Airlines;PKX;HGH;13;0.0;0.09;0.0;0.0;0.0;0.0;0.0;0.10510988901672437;Low
Sichuan Airlines;PKX;HGH;13;0.0;0.09;0.0;0.0;0.0;0.0;0.0;0.18496476939473966;Low
China Eastern Airlines;PKX;HGH;13;0.0;0.09;8.0;0.060356446991404;0.0257879656160458;0.0085959885386819;0.2793696275071633;0.3279288913579162;Low
Juneyao Air;PKX;HGH;13;0.0;0.09;0.0;0.0;0.0;0.0;0.0;0.2224996013366824;Low
China Express Airlines;PKX;HGH;13;0.0;0.09;0.0;0.0;0.0;0.0;0.0;0.14255786554494856;Low
KLM;PKX;XMN;13;0.0;0.09;0.0;0.0;0.0;0.0;0.0;0.16792874035180222;Low
China Southern Airlines;PKX;XMN;13;0.0;0.09;10.0;0.6739554554554555;0.015015015015015;0.004004004004004;0.1021021021021021;0.14834831890190375;Low
Hebei Airlines;PKX;XMN;13;0.0;0.09;0.0;0.0;0.0;0.0;0.0;0.16687433577980043;Low
Sichuan Airlines;PKX;XMN;13;0.0;0.09;0.0;0.0;0.0;0.0;0.0;0.23315210127073824;Low
China Eastern Airlines;PKX;XMN;13;116.0;0.09;8.0;0.060356446991404;0.0257879656160458;0.0085959885386819;0.2793696275071633;0.6028923783634675;High
Juneyao Air;PKX;XMN;13;0.0;0.09;0.0;0.0;0.0;0.0;0.0;0.17238797566759279;Low
China Express Airlines;PKX;XMN;13;0.0;0.09;0.0;0.0;0.0;0.0;0.0;0.36807608625277277;Medium
Sichuan Airlines;PKX;CTU;13;0.0;0.09;0.0;0.0;0.0;0.0;0.0;0.2623743315622608;Low
Sichuan Airlines;PKX;XIY;13;110.0;0.09;0.0;0.0;0.0;0.0;0.0;0.40624001893396755;Medium
Sichuan Airlines;PKX;CKG;13;96.0;0.09;0.0;0.0;0.0;0.0;0.0;0.5190518020338599;Medium
Sichuan Airlines;PKX;SZX;13;0.0;0.09;0.0;0.0;0.0;0.0;0.0;0.17167494746621284;Low
Juneyao Air;LHW;SHA;17;83.0;0.05;0.0;0.0;0.0;0.0;0.0;0.5186703334357357;Medium
Xiamen Air;LHW;SHA;17;0.0;0.05;0.0;0.0;0.0;0.0;0.0;0.15452354830971096;Low
China Express Airlines;LHW;SHA;17;0.0;0.05;0.0;0.0;0.0;0.0;0.0;0.2019684490973171;Low
Shandong Airlines;LHW;NKG;17;0.0;0.05;0.0;0.0;0.0;0.0;0.0;0.24534910952863204;Low
Porter Airlines Canada;YYZ;CUN;7;0.0;0.14;0.0;0.0;0.0;0.0;0.0;0.2886028635919085;Low
Qantas;YYZ;YYC;7;58.0;0.14;0.0;0.0;0.0;0.0;0.0;0.3179792515060957;Low
Delta Air Lines;YYZ;YYC;7;65.0;0.14;24.0;-0.1926442885771543;0.065130260521042;0.0160320641282565;0.3156312625250501;0.4952279996634783;Medium
Aeromexico;YYZ;YYC;7;0.0;0.14;19.0;-0.1264282369146005;0.0371900826446281;0.0151515151515151;0.2011019283746556;0.25578327725454575;Low
Air New Zealand;YYZ;ORD;7;51.0;0.14;8.0;0.2500417995444191;0.0398633257403189;0.0079726651480637;0.1264236902050114;0.3102016462027558;Low
Air Canada;YYZ;ORD;7;0.0;0.14;71.0;-0.3095768537074148;0.0781563126252505;0.0250501002004008;0.4448897795591182;0.4919540813888151;Medium
Air Transat;YYZ;YOW;7;0.0;0.14;0.0;0.0;0.0;0.0;0.0;0.2563487197672669;Low
Emirates;YYZ;YUL;7;0.0;0.14;14.0;-0.0264453546453546;0.0279720279720279;0.0149850149850149;0.1328671328671328;0.1691530682514919;Low
Qatar Airways;YYZ;DFW;6;0.0;0.12;17.0;0.423738376753507;0.0120240480961923;0.0090180360721442;0.1102204408817635;0.2218393342898263;Low
Porter Airlines Canada;YYZ;DFW;6;0.0;0.12;0.0;0.0;0.0;0.0;0.0;0.37255093379088433;Medium
Japan Airlines;YYZ;DFW;6;0.0;0.12;1.0;0.5609684331797234;0.0046082949308755;0.0;0.0967741935483871;0.199286254874525;Low
Qatar Airways;MEL;ZQN;11;0.0;0.1;17.0;0.423738376753507;0.0120240480961923;0.0090180360721442;0.1102204408817635;0.04723310037921101;Low
Air India;MEL;ZQN;11;0.0;0.1;0.0;0.0;0.0;0.0;0.0;0.18610361489936245;Low
Air India;ZQN;SYD;15;35.0;0.03;0.0;0.0;0.0;0.0;0.0;0.39968378044306363;Medium
QantasLink;ZNE;PER;16;0.0;0.06;0.0;0.0;0.0;0.0;0.0;0.16246313740668536;Low
Sichuan Airlines;FOC;YNT;16;0.0;0.16;0.0;0.0;0.0;0.0;0.0;0.263067359970236;Low
China Southern Airlines;XMN;CTU;13;0.0;0.2;10.0;0.6739554554554555;0.015015015015015;0.004004004004004;0.1021021021021021;0.17700086021653003;Low
Sichuan Airlines;XMN;CTU;13;0.0;0.2;0.0;0.0;0.0;0.0;0.0;0.1751148669895342;Low
Virgin Australia;XMN;SIN;13;89.0;0.2;0.0;0.0;0.0;0.0;0.0;0.5028332250756741;Medium
Etihad Airways;AKA;PVG;10;13.0;0.03;21.0;-0.2707907815631262;0.0250501002004008;0.0060120240480961;0.1402805611222445;0.09706904170618691;Low
Juneyao Air;AKA;PVG;10;13.0;0.03;0.0;0.0;0.0;0.0;0.0;0.1732928651065997;Low
Air China;PVG;SFO;12;0.0;0.2;35.0;-0.0481095652173913;0.017391304347826;0.0198757763975155;0.2645962732919255;0.2742402790919197;Low
Shandong Airlines;PVG;SZX;12;93.0;0.2;0.0;0.0;0.0;0.0;0.0;0.43165517726246067;Medium
Juneyao Air;PVG;SZX;12;0.0;0.2;0.0;0.0;0.0;0.0;0.0;0.3542687912752145;Medium
Air China;PVG;SZX;12;0.0;0.2;35.0;-0.0481095652173913;0.017391304347826;0.0198757763975155;0.2645962732919255;0.19181015323219666;Low
Shenzhen Airlines;PVG;CKG;12;0.0;0.2;0.0;0.0;0.0;0.0;0.0;0.20919688593121116;Low
Shandong Airlines;PVG;CKG;12;0.0;0.2;0.0;0.0;0.0;0.0;0.0;0.24915184041002642;Low
Air New Zealand;PVG;CKG;12;0.0;0.2;8.0;0.2500417995444191;0.0398633257403189;0.0079726651480637;0.1264236902050114;0.31582382271754383;Low
Swiss;PVG;CKG;12;0.0;0.2;0.0;0.0;0.0;0.0;0.0;0.13948964941743924;Low
Hong Kong Airlines;PVG;XIY;12;0.0;0.2;0.0;0.0;0.0;0.0;0.0;0.3214214626508472;Low
Loong Air;PVG;XIY;12;36.0;0.2;0.0;0.0;0.0;0.0;0.0;0.3487163142713711;Low
China Express Airlines;PVG;XIY;12;75.0;0.2;0.0;0.0;0.0;0.0;0.0;0.39629439442664344;Medium
American Airlines;PHF;PGV;0;0.0;0.14;26.0;-0.3769642284569138;0.0611222444889779;0.0220440881763527;0.4859719438877755;0.4178042171463248;Medium
QantasLink;PHE;PER;16;0.0;0.19;0.0;0.0;0.0;0.0;0.0;0.2519341786901429;Low
Turkish Airlines;PER;BKK;16;114.0;0.08;33.0;-0.2772789579158317;0.0290581162324649;0.0220440881763527;0.280561122244489;0.6178834959535938;High
Austrian Airlines;PER;BKK;16;0.0;0.08;30.0;0.1378048811013767;0.0200250312891113;0.0225281602002503;0.2140175219023779;0.22843155270774934;Low
El Al;PER;BKK;16;110.0;0.08;0.0;0.0;0.0;0.0;0.0;0.5190280482196769;Medium
IndiGo;PER;SYD;16;0.0;0.08;0.0;0.0;0.0;0.0;0.0;0.2239462141675874;Low
Oman Air;PER;KUL;15;0.0;0.08;5.0;0.2884153241650294;0.0392927308447937;0.0196463654223968;0.1532416502946954;0.23354623955439074;Low
Jetstar;NRT;OKA;13;62.0;0.05;0.0;0.0;0.0;0.0;0.0;0.5070211771301747;Medium
Japan Airlines;OKA;HND;13;0.0;0.14;1.0;0.5609684331797234;0.0046082949308755;0.0;0.0967741935483871;0.044366601718065266;Low
Oyonnair;NTE;BOD;8;0.0;0.06;0.0;0.0;0.0;0.0;0.0;0.3613123362259387;Medium
Japan Airlines;NRT;MEL;18;0.0;0.05;1.0;0.5609684331797234;0.0046082949308755;0.0;0.0967741935483871;0.0;Low
Japan Airlines;NRT;DFW;18;58.0;0.05;1.0;0.5609684331797234;0.0046082949308755;0.0;0.0967741935483871;0.2763887299834539;Low
Vietnam Airlines;NRT;HAN;18;0.0;0.05;7.0;0.2630677545691905;0.0117493472584856;0.0039164490861618;0.1840731070496083;0.22794202168629635;Low
Air Canada;NRT;HAN;18;0.0;0.05;71.0;-0.3095768537074148;0.0781563126252505;0.0250501002004008;0.4448897795591182;0.37004171531059055;Medium
United Airlines;NRT;HAN;18;0.0;0.05;27.0;-0.0650228456913827;0.0721442885771543;0.0180360721442885;0.3607214428857715;0.24434546247027383;Low
Korean Air;NRT;ICN;18;0.0;0.05;1.0;0.5797912605042017;0.0016806722689075;0.0016806722689075;0.0907563025210084;0.09333873659263779;Low
China Airlines;NRT;ITM;18;0.0;0.05;8.0;0.3948239837398374;0.0060975609756097;0.0121951219512195;0.1768292682926829;0.12396416221615812;Low
Finnair;NRT;ITM;18;0.0;0.05;20.0;0.2101274817136886;0.0208986415882967;0.0167189132706374;0.2006269592476489;0.15994781079655934;Low
LATAM Airlines;NRT;ITM;18;27.0;0.05;13.0;-0.1786123616236162;0.0461254612546125;0.0166051660516605;0.2084870848708487;0.42438650103501413;Medium
Garuda Indonesia;NRT;ITM;18;0.0;0.05;0.0;0.0;0.0;0.0;0.0;0.23499108401755334;Low
Royal Brunei Airlines;NRT;ITM;18;0.0;0.05;0.0;0.0;0.0;0.0;0.0;0.16149632833175423;Low
WestJet;NRT;ITM;18;0.0;0.05;32.0;-0.2166061061061061;0.068068068068068;0.015015015015015;0.2912912912912913;0.37019711640545266;Medium
AlphaSky;NRT;ITM;18;0.0;0.05;0.0;0.0;0.0;0.0;0.0;0.23151096646136268;Low
Iberia;NRT;ITM;18;107.0;0.05;42.0;0.0379904231625835;0.0211581291759465;0.0155902004454342;0.1737193763919821;0.6095338895214;High
SriLankan Airlines;NRT;ITM;18;0.0;0.05;0.0;0.0;0.0;0.0;0.0;0.25407401893465287;Low
MIAT Mongolian Airlines;NRT;ITM;18;0.0;0.05;0.0;0.0;0.0;0.0;0.0;0.15197034923545494;Low
Air Tahiti Nui;NRT;ITM;18;0.0;0.05;0.0;0.0;0.0;0.0;0.0;0.17078732718621215;Low
Aeromexico;NRT;ITM;18;0.0;0.05;19.0;-0.1264282369146005;0.0371900826446281;0.0151515151515151;0.2011019283746556;0.32334000139444097;Low
American Airlines;NRT;ITM;18;0.0;0.05;26.0;-0.3769642284569138;0.0611222444889779;0.0220440881763527;0.4859719438877755;0.41018289252823836;Medium
IndiGo;NRT;BKK;18;20.0;0.05;0.0;0.0;0.0;0.0;0.0;0.26853688842250967;Low
AlphaSky;NRT;BKK;18;57.0;0.05;0.0;0.0;0.0;0.0;0.0;0.38921291683161474;Medium
WestJet;NRT;BKK;18;98.0;0.05;32.0;-0.2166061061061061;0.068068068068068;0.015015015015015;0.2912912912912913;0.6906616678303149;High
SriLankan Airlines;NRT;BKK;18;0.0;0.05;0.0;0.0;0.0;0.0;0.0;0.16859000278149192;Low
Bangkok Airways;NRT;BKK;18;78.0;0.05;0.0;0.0;0.0;0.0;0.0;0.48229681668190266;Medium
American Airlines;NRT;BKK;18;0.0;0.05;26.0;-0.3769642284569138;0.0611222444889779;0.0220440881763527;0.4859719438877755;0.3533034882775232;Medium
United Airlines;JNB;WVB;10;0.0;0.12;27.0;-0.0650228456913827;0.0721442885771543;0.0180360721442885;0.3607214428857715;0.28669674463180994;Low
Qatar Airways;JNB;WVB;10;0.0;0.12;17.0;0.423738376753507;0.0120240480961923;0.0090180360721442;0.1102204408817635;0.23450337763509527;Low
Qantas;JNB;WVB;10;0.0;0.12;0.0;0.0;0.0;0.0;0.0;0.2817791444291621;Low
Swiss;JNB;WVB;10;0.0;0.12;0.0;0.0;0.0;0.0;0.0;0.2809456745200447;Low
Lufthansa;JNB;WVB;10;0.0;0.12;66.0;-0.2648052052052052;0.065065065065065;0.014014014014014;0.2762762762762762;0.4195457587430453;Medium
KLM;JNB;WVB;10;57.0;0.12;0.0;0.0;0.0;0.0;0.0;0.39647026891429316;Medium
Emirates;JNB;WVB;10;22.0;0.12;14.0;-0.0264453546453546;0.0279720279720279;0.0149850149850149;0.1328671328671328;0.36715165304559255;Medium
British Airways;JNB;WVB;10;74.0;0.12;20.0;-0.0446404404404404;0.054054054054054;0.009009009009009;0.2402402402402402;0.47735355927069023;Medium
Hebei Airlines;JJN;NKG;18;0.0;0.1;0.0;0.0;0.0;0.0;0.0;0.24269164467419096;Low
Sichuan Airlines;JJN;NKG;18;0.0;0.1;0.0;0.0;0.0;0.0;0.0;0.2108899861942621;Low
China Eastern Airlines;JJN;NKG;18;0.0;0.1;8.0;0.060356446991404;0.0257879656160458;0.0085959885386819;0.2793696275071633;0.26049206711969086;Low
China Express Airlines;JJN;NKG;18;100.0;0.1;0.0;0.0;0.0;0.0;0.0;0.5616609917805839;Medium
Shandong Airlines;JJN;TFU;17;47.0;0.11;0.0;0.0;0.0;0.0;0.0;0.3057245521736569;Low
Air China;JJN;TFU;17;0.0;0.11;35.0;-0.0481095652173913;0.017391304347826;0.0198757763975155;0.2645962732919255;0.4203871589874232;Medium
Ethiopian Airlines;JIJ;ADD;13;0.0;0.07;0.0;0.0;0.0;0.0;0.0;0.14357878329502088;Low
Ethiopian Airlines;JIJ;GDE;8;0.0;0.2;0.0;0.0;0.0;0.0;0.0;0.15500679710485876;Low
Shandong Airlines;SZX;INC;14;70.0;0.2;0.0;0.0;0.0;0.0;0.0;0.5310677611450048;Medium
Juneyao Air;SZX;INC;14;0.0;0.2;0.0;0.0;0.0;0.0;0.0;0.29541638857740554;Low
Air China;SZX;INC;14;100.0;0.2;35.0;-0.0481095652173913;0.017391304347826;0.0198757763975155;0.2645962732919255;0.6356084368830919;High
Tibet Airlines;INC;CSX;17;0.0;0.15;0.0;0.0;0.0;0.0;0.0;0.2739841856484996;Low
China Southern Airlines;INC;CSX;17;0.0;0.15;10.0;0.6739554554554555;0.015015015015015;0.004004004004004;0.1021021021021021;0.11191920237719241;Low
China Express Airlines;INC;CSX;17;0.0;0.15;0.0;0.0;0.0;0.0;0.0;0.16719219399599178;Low
China Eastern Airlines;INC;CSX;17;41.0;0.15;8.0;0.060356446991404;0.0257879656160458;0.0085959885386819;0.2793696275071633;0.3920086686437614;Medium
Sichuan Airlines;INC;CSX;17;0.0;0.15;0.0;0.0;0.0;0.0;0.0;0.18259868019415218;Low
Chengdu Airlines;INC;CSX;17;0.0;0.15;0.0;0.0;0.0;0.0;0.0;0.2982583813392426;Low
Xiamen Air;INC;TAO;17;59.0;0.15;0.0;0.0;0.0;0.0;0.0;0.3967059832948503;Medium
Shenzhen Airlines;INC;PEK;17;0.0;0.15;0.0;0.0;0.0;0.0;0.0;0.1722151962245242;Low
Shandong Airlines;INC;PEK;17;94.0;0.15;0.0;0.0;0.0;0.0;0.0;0.48950299108429046;Medium
American Airlines;ILM;CAE;0;0.0;0.25;26.0;-0.3769642284569138;0.0611222444889779;0.0220440881763527;0.4859719438877755;0.4363621757471895;Medium
Iberia;GRX;MAD;6;0.0;0.01;42.0;0.0379904231625835;0.0211581291759465;0.0155902004454342;0.1737193763919821;0.18417282250639436;Low
Shenzhen Airlines;DLC;TAO;18;90.0;0.06;0.0;0.0;0.0;0.0;0.0;0.4244445723103498;Medium
Tibet Airlines;DLC;TAO;18;0.0;0.06;0.0;0.0;0.0;0.0;0.0;0.2290581048044339;Low
China Express Airlines;DLC;TAO;18;33.0;0.06;0.0;0.0;0.0;0.0;0.0;0.3281476599776106;Low
Air China;DLC;TAO;18;59.0;0.06;35.0;-0.0481095652173913;0.017391304347826;0.0198757763975155;0.2645962732919255;0.4054340274134619;Medium
Sichuan Airlines;DLC;XIY;17;0.0;0.06;0.0;0.0;0.0;0.0;0.0;0.17902731860671742;Low
Shenzhen Airlines;DLC;PVG;17;0.0;0.06;0.0;0.0;0.0;0.0;0.0;0.22824349561503457;Low
China Eastern Airlines;DLC;PVG;17;0.0;0.06;8.0;0.060356446991404;0.0257879656160458;0.0085959885386819;0.2793696275071633;0.1443364456653879;Low
Xiamen Air;DLC;PVG;17;0.0;0.06;0.0;0.0;0.0;0.0;0.0;0.11347753579364114;Low
China Southern Airlines;DLC;PVG;17;0.0;0.06;10.0;0.6739554554554555;0.015015015015015;0.004004004004004;0.1021021021021021;0.04448538098880592;Low
Sichuan Airlines;DLC;PVG;17;0.0;0.06;0.0;0.0;0.0;0.0;0.0;0.1970586993801707;Low
Loong Air;DLC;CGO;17;44.0;0.06;0.0;0.0;0.0;0.0;0.0;0.36576352959186037;Medium
Tibet Airlines;DLC;TNA;16;116.0;0.08;0.0;0.0;0.0;0.0;0.0;0.6672749351864687;High
China Express Airlines;DLC;TNA;16;38.0;0.08;0.0;0.0;0.0;0.0;0.0;0.3900361736241414;Medium
Air China;DLC;TNA;16;0.0;0.08;35.0;-0.0481095652173913;0.017391304347826;0.0198757763975155;0.2645962732919255;0.2567243525920011;Low
Shenzhen Airlines;DLC;TNA;16;0.0;0.08;0.0;0.0;0.0;0.0;0.0;0.2146688654468118;Low
FedEx;AFW;DEN;3;0.0;0.13;0.0;0.0;0.0;0.0;0.0;0.1558229444753534;Low
Vietnam Airlines;DEL;LHR;11;0.0;0.11;7.0;0.2630677545691905;0.0117493472584856;0.0039164490861618;0.1840731070496083;0.19746389771290868;Low
Malawi Airlines;DAR;BLZ;7;0.0;0.12;0.0;0.0;0.0;0.0;0.0;0.20379389527559033;Low
Eurowings;PRG;VAR;7;0.0;0.09;0.0;0.0;0.0;0.0;0.0;0.24059029922366626;Low
QantasLink;PHE;PER;17;0.0;0.19;0.0;0.0;0.0;0.0;0.0;0.1800938339513374;Low
Air New Zealand;PER;SYD;16;0.0;0.08;8.0;0.2500417995444191;0.0398633257403189;0.0079726651480637;0.1264236902050114;0.2272889484797978;Low
Oman Air;PER;BKK;16;0.0;0.08;5.0;0.2884153241650294;0.0392927308447937;0.0196463654223968;0.1532416502946954;0.2944888162480979;Low
QantasLink;PER;PHE;14;0.0;0.07;0.0;0.0;0.0;0.0;0.0;0.20638678960801998;Low
easyJet;CDG;NTE;6;115.0;0.13;5.0;-0.0903347499999999;0.075;0.00125;0.30375;0.6739992705469258;High
Jetstar;OKA;NRT;13;1.0;0.14;0.0;0.0;0.0;0.0;0.0;0.27931007941977787;Low
Hebridean Air Services;OBN;COL;8;0.0;0.23;0.0;0.0;0.0;0.0;0.0;0.2179145669679915;Low
Skybus;NQY;ISC;11;0.0;0.23;0.0;0.0;0.0;0.0;0.0;0.2616864737267292;Low
Ryanair;NQY;FAO;10;0.0;0.21;8.0;-0.1784060120240481;0.0200400801603206;0.0;0.1933867735470942;0.3105766985156475;Low
Skybus;NQY;ISC;9;0.0;0.18;0.0;0.0;0.0;0.0;0.0;0.24283732689841825;Low
Etihad Airways;NKG;PKX;14;0.0;0.2;21.0;-0.2707907815631262;0.0250501002004008;0.0060120240480961;0.1402805611222445;0.2648470706411393;Low
Xiamen Air;NKG;PKX;14;0.0;0.2;0.0;0.0;0.0;0.0;0.0;0.24171571219812601;Low
China United Airlines;NKG;PKX;14;0.0;0.2;0.0;0.0;0.0;0.0;0.0;0.2748598803871815;Low
China Southern Airlines;NKG;PKX;14;0.0;0.2;10.0;0.6739554554554555;0.015015015015015;0.004004004004004;0.1021021021021021;0.22435652902212938;Low
Shandong Airlines;NKG;CGQ;14;90.0;0.2;0.0;0.0;0.0;0.0;0.0;0.5771489578259645;Medium
Air China;NKG;CGQ;14;0.0;0.2;35.0;-0.0481095652173913;0.017391304347826;0.0198757763975155;0.2645962732919255;0.44264282171524993;Medium
Xiamen Air;NKG;SZX;14;0.0;0.2;0.0;0.0;0.0;0.0;0.0;0.18628567059783654;Low
China Eastern Airlines;NGB;XMN;17;0.0;0.14;8.0;0.060356446991404;0.0257879656160458;0.0085959885386819;0.2793696275071633;0.322764794140648;Low
China Express Airlines;NGB;XMN;17;0.0;0.14;0.0;0.0;0.0;0.0;0.0;0.24083394040168463;Low
Xiamen Air;NGB;CAN;17;101.0;0.14;0.0;0.0;0.0;0.0;0.0;0.6842862053252371;High
Shenzhen Airlines;NGB;TAO;16;0.0;0.13;0.0;0.0;0.0;0.0;0.0;0.1694191200251394;Low
Tibet Airlines;NGB;TAO;16;0.0;0.13;0.0;0.0;0.0;0.0;0.0;0.1672194710473457;Low
Lufthansa City;BER;MUC;7;76.0;0.08;0.0;0.0;0.0;0.0;0.0;0.40204251481891845;Medium
Turkish Airlines;MSU;JNB;11;0.0;0.05;33.0;-0.2772789579158317;0.0290581162324649;0.0220440881763527;0.280561122244489;0.16322597665302288;Low
Qatar Airways;MSU;JNB;11;99.0;0.05;17.0;0.423738376753507;0.0120240480961923;0.0090180360721442;0.1102204408817635;0.4037861464783387;Medium
Emirates;MSU;JNB;11;0.0;0.05;14.0;-0.0264453546453546;0.0279720279720279;0.0149850149850149;0.1328671328671328;0.1862756587461862;Low
Air France;MSU;JNB;11;67.0;0.05;59.0;0.0674080160320641;0.0240480961923847;0.0140280561122244;0.2254509018036072;0.4454708115463205;Medium
United Airlines;MXP;ZRH;10;0.0;0.04;27.0;-0.0650228456913827;0.0721442885771543;0.0180360721442885;0.3607214428857715;0.3098573471621166;Low
Alitalia;MXP;ZRH;10;0.0;0.04;0.0;0.0;0.0;0.0;0.0;0.33933195874511207;Low
Air Canada;MXP;ZRH;10;26.0;0.04;71.0;-0.3095768537074148;0.0781563126252505;0.0250501002004008;0.4448897795591182;0.49290195324216174;Medium
American Airlines;ROA;MLI;0;105.0;0.06;26.0;-0.3769642284569138;0.0611222444889779;0.0220440881763527;0.4859719438877755;0.6440737180515275;High
FedEx;MEM;ORD;3;0.0;0.01;0.0;0.0;0.0;0.0;0.0;0.13911097300561495;Low
Thai Airways;IST;AMS;7;0.0;0.17;4.0;0.3609831831831832;0.01001001001001;0.007007007007007;0.1401401401401401;0.2187602278913413;Low
Pakistan International Airlines;IST;AMS;7;0.0;0.17;0.0;0.0;0.0;0.0;0.0;0.14158367550855505;Low
Gulf Air;IST;AMS;7;0.0;0.17;8.0;0.2031954761904762;0.0023809523809523;0.019047619047619;0.1833333333333333;0.3494201612288524;Low
Icelandair;IST;AMS;7;36.0;0.17;0.0;0.0;0.0;0.0;0.0;0.42456080845049016;Medium
IndiGo;IST;AMS;7;0.0;0.17;0.0;0.0;0.0;0.0;0.0;0.20115770435267066;Low
RwandAir;IST;CDG;7;0.0;0.17;0.0;0.0;0.0;0.0;0.0;0.11408058296363857;Low
United Airlines;IST;CDG;7;106.0;0.17;27.0;-0.0650228456913827;0.0721442885771543;0.0180360721442885;0.3607214428857715;0.7247054950492943;High
Pakistan International Airlines;IST;CDG;7;0.0;0.17;0.0;0.0;0.0;0.0;0.0;0.22598221083231676;Low
Air Zeta;CAN;ICN;10;110.0;0.08;0.0;0.0;0.0;0.0;0.0;0.6326471418381424;High
Japan Airlines;OBO;HND;13;99.0;0.04;1.0;0.5609684331797234;0.0046082949308755;0.0;0.0967741935483871;0.296403750520339;Low
Japan Airlines;TAK;HND;13;0.0;0.03;1.0;0.5609684331797234;0.0046082949308755;0.0;0.0967741935483871;0.0670574350291806;Low
Hokkaido Air System;OKD;HKD;12;0.0;0.12;0.0;0.0;0.0;0.0;0.0;0.22436705898027282;Low
Japan Airlines;HND;SHA;14;0.0;0.03;1.0;0.5609684331797234;0.0046082949308755;0.0;0.0967741935483871;0.11230232819947664;Low
Shanghai Airlines;HND;SHA;14;0.0;0.03;0.0;0.0;0.0;0.0;0.0;0.17449541699645296;Low
Japan Airlines;HND;NGS;13;0.0;0.04;1.0;0.5609684331797234;0.0046082949308755;0.0;0.0967741935483871;0.15461318190026963;Low
China Eastern Airlines;LZY;TFU;10;0.0;0.07;8.0;0.060356446991404;0.0257879656160458;0.0085959885386819;0.2793696275071633;0.17296891951341897;Low
Xiamen Air;LZY;TFU;10;110.0;0.07;0.0;0.0;0.0;0.0;0.0;0.5340334360485095;Medium
Juneyao Air;LZY;TFU;10;0.0;0.07;0.0;0.0;0.0;0.0;0.0;0.22242069421983293;Low
China Express Airlines;LZY;TFU;10;0.0;0.07;0.0;0.0;0.0;0.0;0.0;0.2500107183841125;Low
Chengdu Airlines;LZY;TFU;10;0.0;0.07;0.0;0.0;0.0;0.0;0.0;0.2638130414662223;Low
Hunnu Air;MXV;UBN;11;8.0;0.2;0.0;0.0;0.0;0.0;0.0;0.18527505357134916;Low
Xiamen Air;NKG;LHW;14;0.0;0.2;0.0;0.0;0.0;0.0;0.0;0.13261200804850645;Low
FlyArystan;NQZ;URA;10;0.0;0.26;0.0;0.0;0.0;0.0;0.0;0.34143737753289566;Low
ULS Airlines Cargo;ALG;ZRH;3;0.0;0.06;0.0;0.0;0.0;0.0;0.0;0.23526198083857144;Low
Beijing Airlines;JUZ;PKX;12;102.0;0.2;0.0;0.0;0.0;0.0;0.0;0.4936059424410413;Medium
Xiamen Air;PKX;HGH;13;0.0;0.09;0.0;0.0;0.0;0.0;0.0;0.32658063828657663;Low
China United Airlines;PKX;HGH;13;0.0;0.09;0.0;0.0;0.0;0.0;0.0;0.22609722440050012;Low
China Southern Airlines;PKX;HGH;13;0.0;0.09;10.0;0.6739554554554555;0.015015015015015;0.004004004004004;0.1021021021021021;0.18332727936094428;Low
Cathay Pacific;PKX;HKG;13;0.0;0.09;7.0;0.3745211422845692;0.0120240480961923;0.0050100200400801;0.1833667334669338;0.17713068247626274;Low
China Eastern Airlines;PKX;SZX;13;25.0;0.09;8.0;0.060356446991404;0.0257879656160458;0.0085959885386819;0.2793696275071633;0.47095470431193964;Medium
Lufthansa;PKX;FRA;13;0.0;0.09;66.0;-0.2648052052052052;0.065065065065065;0.014014014014014;0.2762762762762762;0.44503610121326653;Medium
Sichuan Airlines;PKX;CSX;13;0.0;0.09;0.0;0.0;0.0;0.0;0.0;0.20057250960646486;Low
KLM;PKX;HGH;13;99.0;0.09;0.0;0.0;0.0;0.0;0.0;0.5830099665668049;Medium
China Southern Airlines;PKX;HGH;13;69.0;0.09;10.0;0.6739554554554555;0.015015015015015;0.004004004004004;0.1021021021021021;0.35295279294743676;Medium
Juneyao Air;YIN;SHA;17;0.0;0.06;0.0;0.0;0.0;0.0;0.0;0.30780420902726446;Low
Shenzhen Airlines;PEK;XNN;15;0.0;0.02;0.0;0.0;0.0;0.0;0.0;0.13645535775939271;Low
Shenzhen Airlines;XNN;PEK;18;0.0;0.09;0.0;0.0;0.0;0.0;0.0;0.26602360219989074;Low
Shenzhen Airlines;XNN;CTU;18;70.0;0.09;0.0;0.0;0.0;0.0;0.0;0.5020897140794711;Medium
Shandong Airlines;XNN;CTU;18;0.0;0.09;0.0;0.0;0.0;0.0;0.0;0.09488823595038198;Low
Kunming Airlines;XNN;CTU;18;0.0;0.09;0.0;0.0;0.0;0.0;0.0;0.13517190411339575;Low
Loong Air;XNN;CTU;18;56.0;0.09;0.0;0.0;0.0;0.0;0.0;0.24325374755679297;Low
Chengdu Airlines;XNN;CTU;18;28.0;0.09;0.0;0.0;0.0;0.0;0.0;0.283141521588881;Low
Hainan Airlines;XUZ;SHE;18;0.0;0.06;1.0;0.7446135514018691;0.0116822429906542;0.0070093457943925;0.116822429906542;0.13258094855992297;Low
Tibet Airlines;XUZ;SHE;18;0.0;0.06;0.0;0.0;0.0;0.0;0.0;0.317164993646722;Low
China Southern Airlines;XUZ;SHE;18;88.0;0.06;10.0;0.6739554554554555;0.015015015015015;0.004004004004004;0.1021021021021021;0.36396311110586077;Medium
Xiamen Air;XMN;KMG;14;0.0;0.18;0.0;0.0;0.0;0.0;0.0;0.3500030881899905;Medium
Sichuan Airlines;XMN;KMG;14;114.0;0.18;0.0;0.0;0.0;0.0;0.0;0.48139289792495754;Medium
Juneyao Air;XMN;SHA;14;35.0;0.18;0.0;0.0;0.0;0.0;0.0;0.22176322924513914;Low
Xiamen Air;XMN;SHA;14;0.0;0.18;0.0;0.0;0.0;0.0;0.0;0.23211166107723671;Low
Bangkok Airways;XMN;BKK;14;0.0;0.18;0.0;0.0;0.0;0.0;0.0;0.26288458142575155;Low
Tibet Airlines;XMN;CTU;13;0.0;0.2;0.0;0.0;0.0;0.0;0.0;0.2377113676334135;Low
China Eastern Airlines;XMN;CTU;13;75.0;0.2;8.0;0.060356446991404;0.0257879656160458;0.0085959885386819;0.2793696275071633;0.35398140256740923;Medium
Loong Air;XMN;CTU;13;0.0;0.2;0.0;0.0;0.0;0.0;0.0;0.23376159723410483;Low
Sichuan Airlines;XIY;HRB;13;0.0;0.04;0.0;0.0;0.0;0.0;0.0;0.11668713496466028;Low
China Southern Airlines;XIY;XMN;13;111.0;0.04;10.0;0.6739554554554555;0.015015015015015;0.004004004004004;0.1021021021021021;0.47065355489457916;Medium
Hebei Airlines;XIY;XMN;13;61.0;0.04;0.0;0.0;0.0;0.0;0.0;0.4166618772267794;Medium
Sterling Aviation;FDK;PHL;7;0.0;0.09;0.0;0.0;0.0;0.0;0.0;0.15220841495708512;Low
Aero Ways;ILG;PHL;7;53.0;0.13;0.0;0.0;0.0;0.0;0.0;0.3490293157864315;Low
American Airlines;ILG;PHL;6;0.0;0.15;26.0;-0.3769642284569138;0.0611222444889779;0.0220440881763527;0.4859719438877755;0.3133120274156692;Low
American Airlines;ART;PHL;6;69.0;0.27;26.0;-0.3769642284569138;0.0611222444889779;0.0220440881763527;0.4859719438877755;0.6140694371387737;High
Pelita Air;PKU;CGK;18;0.0;0.02;0.0;0.0;0.0;0.0;0.0;0.2708599624350867;Low
Super Air Jet;PKU;CGK;18;0.0;0.02;0.0;0.0;0.0;0.0;0.0;0.13499917675651196;Low
American Airlines;PIT;PHL;8;60.0;0.06;26.0;-0.3769642284569138;0.0611222444889779;0.0220440881763527;0.4859719438877755;0.584740230034145;Medium
Aer Lingus;PIT;PHL;8;62.0;0.06;0.0;0.0;0.0;0.0;0.0;0.36088196671392914;Medium
Southwest Airlines;PIT;MCO;8;0.0;0.06;14.0;-0.1219698698698698;0.091091091091091;0.002002002002002;0.3153153153153153;0.24185383667657087;Low
American Airlines;PIT;RDU;8;60.0;0.06;26.0;-0.3769642284569138;0.0611222444889779;0.0220440881763527;0.4859719438877755;0.5419648487510768;Medium
Allegiant Air;PIT;AUS;8;22.0;0.06;0.0;0.0;0.0;0.0;0.0;0.20553303743064383;Low
American Airlines;PIT;ORD;8;0.0;0.06;26.0;-0.3769642284569138;0.0611222444889779;0.0220440881763527;0.4859719438877755;0.3307015225735931;Low
Qantas;PIT;ORD;8;0.0;0.06;0.0;0.0;0.0;0.0;0.0;0.12814854751878063;Low
Japan Airlines;PIT;ORD;8;112.0;0.06;1.0;0.5609684331797234;0.0046082949308755;0.0;0.0967741935483871;0.588544445940092;Medium
American Airlines;PIT;PHX;7;0.0;0.09;26.0;-0.3769642284569138;0.0611222444889779;0.0220440881763527;0.4859719438877755;0.3779254225859168;Medium
AlphaSky;PIT;PHX;7;0.0;0.09;0.0;0.0;0.0;0.0;0.0;0.169019214440519;Low
Alaska Airlines;PIT;SEA;7;0.0;0.09;13.0;0.0206334693877551;0.0428571428571428;0.0112244897959183;0.2295918367346938;0.26971924681262;Low
Finnair;PIT;SEA;7;0.0;0.09;20.0;0.2101274817136886;0.0208986415882967;0.0167189132706374;0.2006269592476489;0.20134038030429605;Low
JetBlue;PIT;FLL;7;0.0;0.09;0.0;0.0;0.0;0.0;0.0;0.2025321280326744;Low
United Airlines;PIT;EWR;7;116.0;0.09;27.0;-0.0650228456913827;0.0721442885771543;0.0180360721442885;0.3607214428857715;0.6869260978607551;High
Delta Air Lines;PIT;JFK;7;0.0;0.09;24.0;-0.1926442885771543;0.065130260521042;0.0160320641282565;0.3156312625250501;0.3666686258756561;Medium
Virgin Atlantic;PIT;JFK;7;88.0;0.09;8.0;0.3328233485193622;0.0068337129840546;0.0045558086560364;0.0979498861047836;0.3940177898267164;Medium
SAS;PIT;JFK;7;0.0;0.09;0.0;0.0;0.0;0.0;0.0;0.1776927231548724;Low
LATAM Airlines;PIT;JFK;7;0.0;0.09;13.0;-0.1786123616236162;0.0461254612546125;0.0166051660516605;0.2084870848708487;0.2726607354429273;Low
KLM;PIT;JFK;7;0.0;0.09;0.0;0.0;0.0;0.0;0.0;0.05686551846850904;Low
Korean Air;PIT;JFK;7;0.0;0.09;1.0;0.5797912605042017;0.0016806722689075;0.0016806722689075;0.0907563025210084;0.00984391976374839;Low
American Airlines;PIT;DFW;7;0.0;0.09;26.0;-0.3769642284569138;0.0611222444889779;0.0220440881763527;0.4859719438877755;0.4711381726690126;Medium
Qatar Airways;PIT;DFW;7;0.0;0.09;17.0;0.423738376753507;0.0120240480961923;0.0090180360721442;0.1102204408817635;0.2667367379410818;Low
Japan Airlines;PIT;DFW;7;0.0;0.09;1.0;0.5609684331797234;0.0046082949308755;0.0;0.0967741935483871;0.10358116386699821;Low
AlphaSky;PIT;DFW;7;0.0;0.09;0.0;0.0;0.0;0.0;0.0;0.2583589874139037;Low
Southwest Airlines;PIT;LAS;7;0.0;0.09;14.0;-0.1219698698698698;0.091091091091091;0.002002002002002;0.3153153153153153;0.32514244575298246;Low
Republic Airways;PIT;ROA;6;0.0;0.08;0.0;0.0;0.0;0.0;0.0;0.4315216565918667;Medium
Sun Country Airlines;PIT;LAL;3;39.0;0.11;0.0;0.0;0.0;0.0;0.0;0.4173702438004203;Medium
SkyWest Airlines;PIR;DEN;6;40.0;0.13;0.0;0.0;0.0;0.0;0.0;0.33704576859634633;Low
247 Aviation;PIK;BFS;13;103.0;0.2;0.0;0.0;0.0;0.0;0.0;0.4821121691579701;Medium
SkyShare;PIH;SLC;0;0.0;0.16;0.0;0.0;0.0;0.0;0.0;0.11954875758196992;Low
Allegiant Air;PIE;MCI;8;19.0;0.08;0.0;0.0;0.0;0.0;0.0;0.2872424545107056;Low
Allegiant Air;PIE;OMA;7;0.0;0.09;0.0;0.0;0.0;0.0;0.0;0.16505544783009876;Low
Allegiant Air;PIE;COS;7;0.0;0.09;0.0;0.0;0.0;0.0;0.0;0.11844224032816279;Low
Allegiant Air;PIE;BMI;7;0.0;0.09;0.0;0.0;0.0;0.0;0.0;0.17273989810302315;Low
Allegiant Air;PIE;ALB;7;108.0;0.09;0.0;0.0;0.0;0.0;0.0;0.4662916397469924;Medium
United Airlines;PIA;ORD;6;33.0;0.07;27.0;-0.0650228456913827;0.0721442885771543;0.0180360721442885;0.3607214428857715;0.509034343312795;Medium
Air New Zealand;PIA;ORD;6;0.0;0.07;8.0;0.2500417995444191;0.0398633257403189;0.0079726651480637;0.1264236902050114;0.25064947546937727;Low
Copa Airlines;PIA;ORD;6;0.0;0.07;11.0;-0.0449697674418604;0.0255813953488372;0.0162790697674418;0.1744186046511628;0.2524358685962089;Low
American Airlines;PIA;DFW;6;0.0;0.07;26.0;-0.3769642284569138;0.0611222444889779;0.0220440881763527;0.4859719438877755;0.4750530636701977;Medium
American Airlines;PHX;PHL;5;30.0;0.09;26.0;-0.3769642284569138;0.0611222444889779;0.0220440881763527;0.4859719438877755;0.4708727554832291;Medium
Aer Lingus;PHX;PHL;5;0.0;0.09;0.0;0.0;0.0;0.0;0.0;0.15771010590702153;Low
Sundair;MPM;APL;6;0.0;0.17;0.0;0.0;0.0;0.0;0.0;0.340618685408876;Low
Thai Airways;AGP;IST;11;34.0;0.11;4.0;0.3609831831831832;0.01001001001001;0.007007007007007;0.1401401401401401;0.312049588943812;Low
Etihad Airways;PVG;ACX;16;0.0;0.2;21.0;-0.2707907815631262;0.0250501002004008;0.0060120240480961;0.1402805611222445;0.24635052470817004;Low
Juneyao Air;PVG;ACX;16;0.0;0.2;0.0;0.0;0.0;0.0;0.0;0.22667629253414745;Low
Flexjet;TEB;ACK;6;38.0;0.15;0.0;0.0;0.0;0.0;0.0;0.282706722263067;Low
Cape Air;EWB;ACK;7;0.0;0.1;0.0;0.0;0.0;0.0;0.0;0.1232040188324965;Low
Qatar Airways;BCN;ACE;10;35.0;0.15;17.0;0.423738376753507;0.0120240480961923;0.0090180360721442;0.1102204408817635;0.33342142632320687;Low
Miami Air International;BCN;ACE;10;0.0;0.15;0.0;0.0;0.0;0.0;0.0;0.36365916483290917;Medium
Iberia;BCN;ACE;10;101.0;0.15;42.0;0.0379904231625835;0.0211581291759465;0.0155902004454342;0.1737193763919821;0.4567338110353327;Medium
PassionAir;NYI;ACC;10;0.0;0.12;0.0;0.0;0.0;0.0;0.0;0.26340784656834;Low
PassionAir;NYI;ACC;10;0.0;0.12;0.0;0.0;0.0;0.0;0.0;0.1784550201614721;Low
IndiGo;AMS;ABZ;11;0.0;0.18;0.0;0.0;0.0;0.0;0.0;0.2019012231364713;Low
Virgin Atlantic;AMS;ABZ;11;0.0;0.18;8.0;0.3328233485193622;0.0068337129840546;0.0045558086560364;0.0979498861047836;0.14368529546273245;Low
Kenya Airways;AMS;ABZ;11;27.0;0.18;0.0;0.0;0.0;0.0;0.0;0.2565206461224129;Low
Delta Air Lines;AMS;ABZ;11;90.0;0.18;24.0;-0.1926442885771543;0.065130260521042;0.0160320641282565;0.3156312625250501;0.6050396001284825;High
Overland Airways;GMO;ABV;12;17.0;0.07;0.0;0.0;0.0;0.0;0.0;0.20683349185122735;Low
China United Airlines;ACX;PKX;19;0.0;0.02;0.0;0.0;0.0;0.0;0.0;0.22293197780458873;Low
China Eastern Airlines;ACX;PKX;19;0.0;0.02;8.0;0.060356446991404;0.0257879656160458;0.0085959885386819;0.2793696275071633;0.234185681908761;Low
Flexjet;ACK;TEB;8;0.0;0.21;0.0;0.0;0.0;0.0;0.0;0.22527363671935133;Low
Cape Air;ACK;MVY;8;72.0;0.21;0.0;0.0;0.0;0.0;0.0;0.39447054365708817;Medium
JetBlue;ACK;MVY;8;69.0;0.21;0.0;0.0;0.0;0.0;0.0;0.4086260068602167;Medium
Flexjet;ACK;TEB;8;0.0;0.21;0.0;0.0;0.0;0.0;0.0;0.2948773858078029;Low
Cape Air;ACK;MVY;7;99.0;0.15;0.0;0.0;0.0;0.0;0.0;0.5620642031337065;Medium
Vueling;ACE;BCN;13;0.0;0.11;0.0;0.0;0.0;0.0;0.0;0.15357113286410143;Low
Qatar Airways;ACE;BCN;13;120.0;0.11;17.0;0.423738376753507;0.0120240480961923;0.0090180360721442;0.1102204408817635;0.5225422593760378;Medium
Miami Air International;ACE;BCN;13;45.0;0.11;0.0;0.0;0.0;0.0;0.0;0.4095970986360252;Medium
Iberia;ACE;BCN;13;0.0;0.11;42.0;0.0379904231625835;0.0211581291759465;0.0155902004454342;0.1737193763919821;0.12677517152417656;Low
Ryanair;ACE;STN;13;0.0;0.11;8.0;-0.1784060120240481;0.0200400801603206;0.0;0.1933867735470942;0.32773044392751727;Low
Aer Lingus;ACE;DUB;12;0.0;0.1;0.0;0.0;0.0;0.0;0.0;0.17361633687379074;Low
Binter Canarias;ACE;TFN;12;0.0;0.1;0.0;0.0;0.0;0.0;0.0;0.2599419068015212;Low
Binter Canarias;ACE;LPA;12;0.0;0.1;0.0;0.0;0.0;0.0;0.0;0.16657185904202385;Low
Jettime;ACE;BLL;12;0.0;0.1;0.0;0.0;0.0;0.0;0.0;0.09365825295348368;Low
easyJet;ACE;BFS;12;0.0;0.1;5.0;-0.0903347499999999;0.075;0.00125;0.30375;0.1809514793481786;Low
Ryanair;ACE;AGP;12;0.0;0.1;8.0;-0.1784060120240481;0.0200400801603206;0.0;0.1933867735470942;0.29106117672721854;Low
Africa World Airlines;ACC;KMS;11;105.0;0.12;0.0;0.0;0.0;0.0;0.0;0.5571805751205038;Medium
euroairlines;ACC;KMS;11;22.0;0.12;0.0;0.0;0.0;0.0;0.0;0.2266978362426914;Low
Qatar Airways;ACC;DOH;11;0.0;0.12;17.0;0.423738376753507;0.0120240480961923;0.0090180360721442;0.1102204408817635;0.20229047011040813;Low
Virgin Australia;ACC;DOH;11;0.0;0.12;0.0;0.0;0.0;0.0;0.0;0.1076935956411728;Low
RwandAir;ACC;DOH;11;22.0;0.12;0.0;0.0;0.0;0.0;0.0;0.2853744140946879;Low
Oman Air;ACC;DOH;11;0.0;0.12;5.0;0.2884153241650294;0.0392927308447937;0.0196463654223968;0.1532416502946954;0.11042595835454551;Low
Xiamen Air;ACC;DOH;11;0.0;0.12;0.0;0.0;0.0;0.0;0.0;0.17837147245384885;Low
KLM;ABZ;AMS;12;0.0;0.24;0.0;0.0;0.0;0.0;0.0;0.25131790699214895;Low
IndiGo;ABZ;AMS;12;0.0;0.24;0.0;0.0;0.0;0.0;0.0;0.1877710644301233;Low
Virgin Atlantic;ABZ;AMS;12;84.0;0.24;8.0;0.3328233485193622;0.0068337129840546;0.0045558086560364;0.0979498861047836;0.42223398206336554;Medium
China Eastern Airlines;ABZ;AMS;12;0.0;0.24;8.0;0.060356446991404;0.0257879656160458;0.0085959885386819;0.2793696275071633;0.3521428462152114;Medium
Xiamen Air;SJW;LHW;20;0.0;0.03;0.0;0.0;0.0;0.0;0.0;0.1656175691333796;Low
Jiangxi Air;SJW;HGH;19;0.0;0.05;0.0;0.0;0.0;0.0;0.0;0.26849844784455995;Low
Xiamen Air;SJW;HGH;19;0.0;0.05;0.0;0.0;0.0;0.0;0.0;0.13092052017396674;Low
China Southern Airlines;SJW;HGH;19;0.0;0.05;10.0;0.6739554554554555;0.015015015015015;0.004004004004004;0.1021021021021021;0.12986276893054624;Low
Shandong Airlines;SJW;ZQZ;19;0.0;0.05;0.0;0.0;0.0;0.0;0.0;0.31090980344605307;Low
Xiamen Air;SJW;ZQZ;19;0.0;0.05;0.0;0.0;0.0;0.0;0.0;0.03698488499108976;Low
Lufthansa;MUC;RJK;10;16.0;0.07;66.0;-0.2648052052052052;0.065065065065065;0.014014014014014;0.2762762762762762;0.3103795743593088;Low
NetJets;RAK;BCN;10;57.0;0.09;0.0;0.0;0.0;0.0;0.0;0.4293950489026378;Medium
SAS;PVK;HAU;11;0.0;0.12;0.0;0.0;0.0;0.0;0.0;0.20978682297699053;Low
Air China;PVG;AKL;14;0.0;0.19;35.0;-0.0481095652173913;0.017391304347826;0.0198757763975155;0.2645962732919255;0.3159002608254326;Low
China Eastern Airlines;PVG;XMN;13;0.0;0.21;8.0;0.060356446991404;0.0257879656160458;0.0085959885386819;0.2793696275071633;0.23342338650009312;Low
Air France;PVG;KMG;13;0.0;0.21;59.0;0.0674080160320641;0.0240480961923847;0.0140280561122244;0.2254509018036072;0.27200453161608895;Low
Etihad Airways;PVG;KMG;13;57.0;0.21;21.0;-0.2707907815631262;0.0250501002004008;0.0060120240480961;0.1402805611222445;0.4810603490335765;Medium
KLM;PVG;KMG;13;0.0;0.21;0.0;0.0;0.0;0.0;0.0;0.32374474431618655;Low
Juneyao Air;PVG;KMG;13;0.0;0.21;0.0;0.0;0.0;0.0;0.0;0.25980945903108493;Low
Xiamen Air;PVG;KMG;13;0.0;0.21;0.0;0.0;0.0;0.0;0.0;0.2656321863452642;Low
China Eastern Airlines;PVG;SHE;13;25.0;0.21;8.0;0.060356446991404;0.0257879656160458;0.0085959885386819;0.2793696275071633;0.32187096194162784;Low
Etihad Airways;PVG;TAO;13;0.0;0.21;21.0;-0.2707907815631262;0.0250501002004008;0.0060120240480961;0.1402805611222445;0.28682531982594744;Low
Air France;PVG;TAO;13;26.0;0.21;59.0;0.0674080160320641;0.0240480961923847;0.0140280561122244;0.2254509018036072;0.3136641733456124;Low
KLM;PVG;TAO;13;0.0;0.21;0.0;0.0;0.0;0.0;0.0;0.2696116499664808;Low
Xiamen Air;PVG;TAO;13;112.0;0.21;0.0;0.0;0.0;0.0;0.0;0.5485310863425816;Medium
IndiGo;AMS;PRG;12;0.0;0.2;0.0;0.0;0.0;0.0;0.0;0.2602842399827489;Low
WestJet;AMS;PRG;12;0.0;0.2;32.0;-0.2166061061061061;0.068068068068068;0.015015015015015;0.2912912912912913;0.48250318103030587;Medium
Delta Air Lines;AMS;PRG;12;116.0;0.2;24.0;-0.1926442885771543;0.065130260521042;0.0160320641282565;0.3156312625250501;0.7446218154125631;High
China Airlines;AMS;PRG;12;0.0;0.2;8.0;0.3948239837398374;0.0060975609756097;0.0121951219512195;0.1768292682926829;0.16565258039052755;Low
United Airlines;FRA;PRG;12;0.0;0.03;27.0;-0.0650228456913827;0.0721442885771543;0.0180360721442885;0.3607214428857715;0.3680194034091916;Medium
Luxair;FRA;PRG;12;0.0;0.03;0.0;0.0;0.0;0.0;0.0;0.1774347238884914;Low
Alitalia;FRA;PRG;12;39.0;0.03;0.0;0.0;0.0;0.0;0.0;0.18033128253755024;Low
Air India;FRA;PRG;12;99.0;0.03;0.0;0.0;0.0;0.0;0.0;0.4324339582357817;Medium
Air Canada;FRA;PRG;12;0.0;0.03;71.0;-0.3095768537074148;0.0781563126252505;0.0250501002004008;0.4448897795591182;0.21541685009732836;Low
American Airlines;PRG;DUB;11;0.0;0.1;26.0;-0.3769642284569138;0.0611222444889779;0.0220440881763527;0.4859719438877755;0.35285103006500423;Medium
Eurowings;PRG;TFS;11;40.0;0.1;0.0;0.0;0.0;0.0;0.0;0.3412892865432686;Low
United Airlines;PRG;FRA;11;0.0;0.1;27.0;-0.0650228456913827;0.0721442885771543;0.0180360721442885;0.3607214428857715;0.41528504071698524;Medium
Fleet Air International;BCN;PMI;8;0.0;0.1;0.0;0.0;0.0;0.0;0.0;0.24288491616349142;Low
NetJets;PMI;RMU;9;0.0;0.17;0.0;0.0;0.0;0.0;0.0;0.2186629629833795;Low
Aeropyrenees;BZR;PGF;13;0.0;0.21;0.0;0.0;0.0;0.0;0.0;0.3000583906828443;Low
South African Airways;MEL;PER;15;0.0;0.11;0.0;0.0;0.0;0.0;0.0;0.06722052836944803;Low
Etihad Airways;MEL;PER;15;0.0;0.11;21.0;-0.2707907815631262;0.0250501002004008;0.0060120240480961;0.1402805611222445;0.3174507745786217;Low
Air China;MEL;PER;15;0.0;0.11;35.0;-0.0481095652173913;0.017391304347826;0.0198757763975155;0.2645962732919255;0.3278806132615286;Low
Aeropyrenees;PGF;BZR;12;114.0;0.24;0.0;0.0;0.0;0.0;0.0;0.48649896279541105;Medium
Lufthansa;PER;SIN;16;0.0;0.08;66.0;-0.2648052052052052;0.065065065065065;0.014014014014014;0.2762762762762762;0.40022502526672726;Medium
Ethiopian Airlines;PER;SIN;16;16.0;0.08;0.0;0.0;0.0;0.0;0.0;0.287694748524609;Low
Air India;PER;SIN;16;0.0;0.08;0.0;0.0;0.0;0.0;0.0;0.18692984602694393;Low
Air Canada;PER;SIN;16;52.0;0.08;71.0;-0.3095768537074148;0.0781563126252505;0.0250501002004008;0.4448897795591182;0.5566670151965782;Medium
AlphaSky;PER;MEL;16;0.0;0.08;0.0;0.0;0.0;0.0;0.0;0.37494850004630775;Medium
Air New Zealand;PER;MEL;16;0.0;0.08;8.0;0.2500417995444191;0.0398633257403189;0.0079726651480637;0.1264236902050114;0.2036653303370104;Low
United States - Coast Guard;OTP;BCM;9;60.0;0.09;0.0;0.0;0.0;0.0;0.0;0.41537544104102353;Medium
Transavia;ORY;VIE;10;80.0;0.11;0.0;0.0;0.0;0.0;0.0;0.42984473703218296;Medium
Transavia;ORY;IST;10;0.0;0.11;0.0;0.0;0.0;0.0;0.0;0.16251089413746456;Low
Azores Airlines;ORY;LIS;10;63.0;0.11;0.0;0.0;0.0;0.0;0.0;0.46912350715809725;Medium
LATAM Airlines;ORY;LIS;10;0.0;0.11;13.0;-0.1786123616236162;0.0461254612546125;0.0166051660516605;0.2084870848708487;0.23598848642992168;Low
Azul;ORY;LIS;10;43.0;0.11;0.0;0.0;0.0;0.0;0.0;0.35600963660535745;Medium
Air New Zealand;ORD;ROC;6;0.0;0.09;8.0;0.2500417995444191;0.0398633257403189;0.0079726651480637;0.1264236902050114;0.15949867120935757;Low
Air Canada;ORD;ROC;6;0.0;0.09;71.0;-0.3095768537074148;0.0781563126252505;0.0250501002004008;0.4448897795591182;0.3919008723713857;Medium
Air New Zealand;ORD;ORF;6;37.0;0.09;8.0;0.2500417995444191;0.0398633257403189;0.0079726651480637;0.1264236902050114;0.3272910398530021;Low
Air Canada;ORD;ORF;6;104.0;0.09;71.0;-0.3095768537074148;0.0781563126252505;0.0250501002004008;0.4448897795591182;0.7430000806671913;High
Air New Zealand;ORD;ROA;6;0.0;0.09;8.0;0.2500417995444191;0.0398633257403189;0.0079726651480637;0.1264236902050114;0.15723354456308342;Low
Air New Zealand;ORD;CLT;6;0.0;0.09;8.0;0.2500417995444191;0.0398633257403189;0.0079726651480637;0.1264236902050114;0.17404344701237973;Low
Air Canada;ORD;CLT;6;88.0;0.09;71.0;-0.3095768537074148;0.0781563126252505;0.0250501002004008;0.4448897795591182;0.5538588244643767;Medium
Aer Lingus;ORD;BNA;6;0.0;0.09;0.0;0.0;0.0;0.0;0.0;0.1868994717946722;Low
AlphaSky;ORD;BNA;6;33.0;0.09;0.0;0.0;0.0;0.0;0.0;0.34341103451313965;Low
Japan Airlines;ORD;SAN;6;0.0;0.09;1.0;0.5609684331797234;0.0046082949308755;0.0;0.0967741935483871;0.17400288980111933;Low
Aer Lingus;ORD;SAN;6;0.0;0.09;0.0;0.0;0.0;0.0;0.0;0.1534484273075662;Low
British Airways;ORD;SAN;6;0.0;0.09;20.0;-0.0446404404404404;0.054054054054054;0.009009009009009;0.2402402402402402;0.3319446466396284;Low
Aer Lingus;ORD;CLE;6;92.0;0.09;0.0;0.0;0.0;0.0;0.0;0.5888946501163466;Medium
British Airways;ORD;CLE;6;0.0;0.09;20.0;-0.0446404404404404;0.054054054054054;0.009009009009009;0.2402402402402402;0.3000126754578913;Low
AlphaSky;ORD;CLE;6;32.0;0.09;0.0;0.0;0.0;0.0;0.0;0.44537570687906464;Medium
AlphaSky;ORD;BUF;6;0.0;0.09;0.0;0.0;0.0;0.0;0.0;0.1638347560627499;Low
Aer Lingus;ORD;MKE;6;26.0;0.09;0.0;0.0;0.0;0.0;0.0;0.20887417076820083;Low
AlphaSky;ORD;MKE;6;0.0;0.09;0.0;0.0;0.0;0.0;0.0;0.09348958257670048;Low
British Airways;ORD;MSN;6;0.0;0.09;20.0;-0.0446404404404404;0.054054054054054;0.009009009009009;0.2402402402402402;0.375795334036475;Medium
AlphaSky;ORD;MSN;6;111.0;0.09;0.0;0.0;0.0;0.0;0.0;0.5968055959447841;Medium
Iberia;ORD;DEN;6;44.0;0.09;42.0;0.0379904231625835;0.0211581291759465;0.0155902004454342;0.1737193763919821;0.3677426142389408;Medium
Aer Lingus;ORD;DEN;6;0.0;0.09;0.0;0.0;0.0;0.0;0.0;0.23759780384238743;Low
Korean Air;ORD;ATL;6;0.0;0.09;1.0;0.5797912605042017;0.0016806722689075;0.0016806722689075;0.0907563025210084;0.037123060806760685;Low
Aeromexico;ORD;ATL;6;16.0;0.09;19.0;-0.1264282369146005;0.0371900826446281;0.0151515151515151;0.2011019283746556;0.4982320876089905;Medium
WestJet;ORD;MSP;6;0.0;0.09;32.0;-0.2166061061061061;0.068068068068068;0.015015015015015;0.2912912912912913;0.32427060786339107;Low
Virgin Atlantic;ORD;MSP;6;0.0;0.09;8.0;0.3328233485193622;0.0068337129840546;0.0045558086560364;0.0979498861047836;0.1748105057817958;Low
Aeromexico;ORD;MSP;6;90.0;0.09;19.0;-0.1264282369146005;0.0371900826446281;0.0151515151515151;0.2011019283746556;0.5998331127087212;Medium
Air New Zealand;ORD;IAH;6;0.0;0.09;8.0;0.2500417995444191;0.0398633257403189;0.0079726651480637;0.1264236902050114;0.22660533870448565;Low
Emirates;ORD;IAH;6;0.0;0.09;14.0;-0.0264453546453546;0.0279720279720279;0.0149850149850149;0.1328671328671328;0.26308682675448425;Low
Ethiopian Airlines;ORD;IAD;6;38.0;0.09;0.0;0.0;0.0;0.0;0.0;0.2766667881188281;Low
Air Canada;ORD;IAD;6;105.0;0.09;71.0;-0.3095768537074148;0.0781563126252505;0.0250501002004008;0.4448897795591182;0.7063750695686579;High
Qantas;ORD;SFO;6;0.0;0.09;0.0;0.0;0.0;0.0;0.0;0.34974171475325233;Low
Aer Lingus;ORD;SFO;6;0.0;0.09;0.0;0.0;0.0;0.0;0.0;0.3121794032308485;Low
Frontier;ORD;MLM;6;0.0;0.09;0.0;0.0;0.0;0.0;0.0;0.3295230638647578;Low
Air New Zealand;ORD;BWI;6;0.0;0.09;8.0;0.2500417995444191;0.0398633257403189;0.0079726651480637;0.1264236902050114;0.15714959513273277;Low
Qatar Airways;ORD;SAN;6;0.0;0.09;17.0;0.423738376753507;0.0120240480961923;0.0090180360721442;0.1102204408817635;0.08231666057789129;Low
Virgin Australia;ORD;SFO;6;0.0;0.09;0.0;0.0;0.0;0.0;0.0;0.20919491559302464;Low
Air New Zealand;ORD;SFO;6;0.0;0.09;8.0;0.2500417995444191;0.0398633257403189;0.0079726651480637;0.1264236902050114;0.19683543634312434;Low
Air Canada;ORD;SFO;6;0.0;0.09;71.0;-0.3095768537074148;0.0781563126252505;0.0250501002004008;0.4448897795591182;0.4349656908621047;Medium
Aer Lingus;ORD;MIA;6;0.0;0.09;0.0;0.0;0.0;0.0;0.0;0.09952747591996264;Low
AlphaSky;ORD;MIA;6;109.0;0.09;0.0;0.0;0.0;0.0;0.0;0.652068522362243;High
Air New Zealand;ORD;BOS;6;0.0;0.09;8.0;0.2500417995444191;0.0398633257403189;0.0079726651480637;0.1264236902050114;0.18187413958238646;Low
FedEx;BOM;CDG;11;64.0;0.16;0.0;0.0;0.0;0.0;0.0;0.3941183251036806;Medium
Iberia;BOG;CLO;6;73.0;0.04;42.0;0.0379904231625835;0.0211581291759465;0.0155902004454342;0.1737193763919821;0.37778623493446084;Medium
Viva;BOG;SMR;6;0.0;0.04;0.0;0.0;0.0;0.0;0.0;0.09216003296939615;Low
Iberia;BOG;SMR;6;0.0;0.04;42.0;0.0379904231625835;0.0211581291759465;0.0155902004454342;0.1737193763919821;0.2872554820800066;Low
GOL;BOG;SMR;6;63.0;0.04;0.0;0.0;0.0;0.0;0.0;0.4021322577031883;Medium
Oyonnair;BOD;NTE;12;0.0;0.12;0.0;0.0;0.0;0.0;0.0;0.13370273701812624;Low
Air New Zealand;BNE;SYD;16;0.0;0.1;8.0;0.2500417995444191;0.0398633257403189;0.0079726651480637;0.1264236902050114;0.10427917843846259;Low
Emirates;BNE;SYD;16;0.0;0.1;14.0;-0.0264453546453546;0.0279720279720279;0.0149850149850149;0.1328671328671328;0.2259100161046361;Low
IndiGo;BNE;SYD;16;0.0;0.1;0.0;0.0;0.0;0.0;0.0;0.3368315067702575;Low
Singapore Airlines;BNE;MEL;15;0.0;0.13;9.0;0.380074074074074;0.01001001001001;0.012012012012012;0.1051051051051051;0.14908105785700013;Low
Air Niugini;BNE;MEL;15;0.0;0.13;0.0;0.0;0.0;0.0;0.0;0.12077999328173256;Low
China Eastern Airlines;BNE;MEL;15;71.0;0.5;8.0;0.060356446991404;0.0257879656160458;0.0085959885386819;0.2793696275071633;0.5295003350841845;Medium
QantasLink;BNE;MOV;14;0.0;0.14;0.0;0.0;0.0;0.0;0.0;0.20890935011766307;Low
QantasLink;BNE;BDB;14;0.0;0.14;0.0;0.0;0.0;0.0;0.0;0.03921793499408999;Low
QantasLink;BNE;ROK;14;65.0;0.14;0.0;0.0;0.0;0.0;0.0;0.4191993593437532;Medium
Labcorp;BHM;PDK;0;0.0;0.07;0.0;0.0;0.0;0.0;0.0;0.19783458288539257;Low
Smartwings;BUD;ZTH;12;0.0;0.07;0.0;0.0;0.0;0.0;0.0;0.2627344455369393;Low
Hungary Airlines;BUD;LGG;7;0.0;0.08;0.0;0.0;0.0;0.0;0.0;0.3454269266461742;Low
Labcorp;BTR;BHM;0;0.0;0.14;0.0;0.0;0.0;0.0;0.0;0.30685955206834303;Low
American Airlines;AMS;LHR;7;0.0;0.13;26.0;-0.3769642284569138;0.0611222444889779;0.0220440881763527;0.4859719438877755;0.3646347656090577;Medium
Turkish Airlines;AKL;MEL;19;0.0;0.05;33.0;-0.2772789579158317;0.0290581162324649;0.0220440881763527;0.280561122244489;0.23444186374279247;Low
Thai Airways;AKL;MEL;19;68.0;0.05;4.0;0.3609831831831832;0.01001001001001;0.007007007007007;0.1401401401401401;0.5444610721133761;Medium
Singapore Airlines;AKL;MEL;19;61.0;0.05;9.0;0.380074074074074;0.01001001001001;0.012012012012012;0.1051051051051051;0.3383977428334667;Low
Etihad Airways;AKL;MEL;19;0.0;0.5;21.0;-0.2707907815631262;0.0250501002004008;0.0060120240480961;0.1402805611222445;0.3799328059449283;Medium
Air China;AKL;MEL;19;109.0;0.05;35.0;-0.0481095652173913;0.017391304347826;0.0198757763975155;0.2645962732919255;0.5872312935917408;Medium
Qantas;AKL;SCL;19;0.0;0.05;0.0;0.0;0.0;0.0;0.0;0.22386593325374987;Low
Japan Airlines;AKL;SCL;19;85.0;0.05;1.0;0.5609684331797234;0.0046082949308755;0.0;0.0967741935483871;0.3579084578012688;Medium
China Southern Airlines;SYD;ADL;16;0.0;0.11;10.0;0.6739554554554555;0.015015015015015;0.004004004004004;0.1021021021021021;0.06462013599485991;Low
Singapore Airlines;BNE;ADL;15;0.0;0.13;9.0;0.380074074074074;0.01001001001001;0.012012012012012;0.1051051051051051;0.12897232656562502;Low
Qatar Airways;BNE;ADL;15;0.0;0.13;17.0;0.423738376753507;0.0120240480961923;0.0090180360721442;0.1102204408817635;0.15729626908087208;Low
Qantas;ADL;DPS;18;46.0;0.09;0.0;0.0;0.0;0.0;0.0;0.31796026602063643;Low
KLM;ADL;DPS;18;0.0;0.09;0.0;0.0;0.0;0.0;0.0;0.1681007952125985;Low
IndiGo;ADL;DPS;18;0.0;0.09;0.0;0.0;0.0;0.0;0.0;0.22545011593843278;Low
Singapore Airlines;ADL;MEL;18;0.0;0.09;9.0;0.380074074074074;0.01001001001001;0.012012012012012;0.1051051051051051;0.14140404723299257;Low
Qatar Airways;ADL;MEL;18;0.0;0.09;17.0;0.423738376753507;0.0120240480961923;0.0090180360721442;0.1102204408817635;0.25686850719678017;Low
Emirates;ADL;CBR;18;0.0;0.09;14.0;-0.0264453546453546;0.0279720279720279;0.0149850149850149;0.1328671328671328;0.061847058467434185;Low
Air New Zealand;ADL;CBR;18;0.0;0.09;8.0;0.2500417995444191;0.0398633257403189;0.0079726651480637;0.1264236902050114;0.26934017211748806;Low
China Southern Airlines;ADL;MEL;18;0.0;0.09;10.0;0.6739554554554555;0.015015015015015;0.004004004004004;0.1021021021021021;0.1880024399513105;Low
United Airlines;JNB;WVB;10;0.0;0.12;27.0;-0.0650228456913827;0.0721442885771543;0.0180360721442885;0.3607214428857715;0.1567971125891449;Low
Qatar Airways;JNB;WVB;10;0.0;0.12;17.0;0.423738376753507;0.0120240480961923;0.0090180360721442;0.1102204408817635;0.13360086641036756;Low
Qantas;JNB;WVB;10;80.0;0.12;0.0;0.0;0.0;0.0;0.0;0.4379991393802946;Medium
Swiss;JNB;WVB;10;0.0;0.12;0.0;0.0;0.0;0.0;0.0;0.12547418136975252;Low
Lufthansa;JNB;WVB;10;0.0;0.12;66.0;-0.2648052052052052;0.065065065065065;0.014014014014014;0.2762762762762762;0.2737150741108809;Low
KLM;JNB;WVB;10;0.0;0.12;0.0;0.0;0.0;0.0;0.0;0.14625969081739199;Low
Emirates;JNB;WVB;10;0.0;0.12;14.0;-0.0264453546453546;0.0279720279720279;0.0149850149850149;0.1328671328671328;0.37607387609459864;Medium
British Airways;JNB;WVB;10;37.0;0.12;20.0;-0.0446404404404404;0.054054054054054;0.009009009009009;0.2402402402402402;0.4535697197525545;Medium
Hebei Airlines;JJN;NKG;18;106.0;0.1;0.0;0.0;0.0;0.0;0.0;0.6270088566495912;High
Eurowings;PRG;VAR;7;0.0;0.09;0.0;0.0;0.0;0.0;0.0;0.2685170444830265;Low
QantasLink;PHE;PER;17;0.0;0.19;0.0;0.0;0.0;0.0;0.0;0.15896637601479396;Low
Air New Zealand;PER;SYD;16;0.0;0.08;8.0;0.2500417995444191;0.0398633257403189;0.0079726651480637;0.1264236902050114;0.15421827384333156;Low
Oman Air;PER;BKK;16;58.0;0.08;5.0;0.2884153241650294;0.0392927308447937;0.0196463654223968;0.1532416502946954;0.39545331162387176;Medium
QantasLink;PER;PHE;14;0.0;0.07;0.0;0.0;0.0;0.0;0.0;0.12845105337756385;Low
easyJet;CDG;NTE;6;86.0;0.13;5.0;-0.0903347499999999;0.075;0.00125;0.30375;0.6087893401120671;High
Jetstar;OKA;NRT;13;1.0;0.14;0.0;0.0;0.0;0.0;0.0;0.21417722212893056;Low
Hebridean Air Services;OBN;COL;8;109.0;0.23;0.0;0.0;0.0;0.0;0.0;0.5467625434715281;Medium
Skybus;NQY;ISC;11;0.0;0.23;0.0;0.0;0.0;0.0;0.0;0.29576719777424443;Low
Ryanair;NQY;FAO;10;44.0;0.21;8.0;-0.1784060120240481;0.0200400801603206;0.0;0.1933867735470942;0.4727936622649446;Medium
Skybus;NQY;ISC;9;0.0;0.18;0.0;0.0;0.0;0.0;0.0;0.2107323683926644;Low
Etihad Airways;NKG;PKX;14;0.0;0.2;21.0;-0.2707907815631262;0.0250501002004008;0.0060120240480961;0.1402805611222445;0.4001108417465194;Medium
Xiamen Air;NKG;PKX;14;101.0;0.2;0.0;0.0;0.0;0.0;0.0;0.4673255670680071;Medium
China United Airlines;NKG;PKX;14;0.0;0.2;0.0;0.0;0.0;0.0;0.0;0.28311549248609846;Low
China Southern Airlines;NKG;PKX;14;0.0;0.2;10.0;0.6739554554554555;0.015015015015015;0.004004004004004;0.1021021021021021;0.1642935645342633;Low
Shandong Airlines;NKG;CGQ;14;0.0;0.2;0.0;0.0;0.0;0.0;0.0;0.2183317492480207;Low
Air China;NKG;CGQ;14;0.0;0.2;35.0;-0.0481095652173913;0.017391304347826;0.0198757763975155;0.2645962732919255;0.31474936124638925;Low
Xiamen Air;NKG;SZX;14;0.0;0.2;0.0;0.0;0.0;0.0;0.0;0.1524220496530288;Low
China Eastern Airlines;NGB;XMN;17;0.0;0.14;8.0;0.060356446991404;0.0257879656160458;0.0085959885386819;0.2793696275071633;0.32638424091468365;Low
China Express Airlines;NGB;XMN;17;0.0;0.14;0.0;0.0;0.0;0.0;0.0;0.21505685044899078;Low
Xiamen Air;NGB;CAN;17;0.0;0.14;0.0;0.0;0.0;0.0;0.0;0.19140938856366724;Low
Shenzhen Airlines;NGB;TAO;16;0.0;0.13;0.0;0.0;0.0;0.0;0.0;0.29943064580858225;Low
Tibet Airlines;NGB;TAO;16;0.0;0.13;0.0;0.0;0.0;0.0;0.0;0.17669594166200686;Low
Lufthansa City;BER;MUC;7;0.0;0.08;0.0;0.0;0.0;0.0;0.0;0.11740770925455084;Low
Turkish Airlines;MSU;JNB;11;0.0;0.05;33.0;-0.2772789579158317;0.0290581162324649;0.0220440881763527;0.280561122244489;0.20293463520803612;Low
Qatar Airways;MSU;JNB;11;0.0;0.05;17.0;0.423738376753507;0.0120240480961923;0.0090180360721442;0.1102204408817635;0.18600969459018676;Low
Emirates;MSU;JNB;11;0.0;0.05;14.0;-0.0264453546453546;0.0279720279720279;0.0149850149850149;0.1328671328671328;0.14978489038020526;Low
Air France;MSU;JNB;11;0.0;0.05;59.0;0.0674080160320641;0.0240480961923847;0.0140280561122244;0.2254509018036072;0.35677883923189146;Medium
United Airlines;MXP;ZRH;10;0.0;0.04;27.0;-0.0650228456913827;0.0721442885771543;0.0180360721442885;0.3607214428857715;0.14019937030585486;Low
Alitalia;MXP;ZRH;10;0.0;0.04;0.0;0.0;0.0;0.0;0.0;0.3267519457803027;Low
Air Canada;MXP;ZRH;10;0.0;0.04;71.0;-0.3095768537074148;0.0781563126252505;0.0250501002004008;0.4448897795591182;0.36314350727332156;Medium
American Airlines;ROA;MLI;0;44.0;0.06;26.0;-0.3769642284569138;0.0611222444889779;0.0220440881763527;0.4859719438877755;0.49468705611696834;Medium
FedEx;MEM;ORD;3;0.0;0.01;0.0;0.0;0.0;0.0;0.0;0.16385566392337353;Low
Thai Airways;IST;AMS;7;0.0;0.17;4.0;0.3609831831831832;0.01001001001001;0.007007007007007;0.1401401401401401;0.21226541389053086;Low
Pakistan International Airlines;IST;AMS;7;0.0;0.17;0.0;0.0;0.0;0.0;0.0;0.23136557083026063;Low
Gulf Air;IST;AMS;7;0.0;0.17;8.0;0.2031954761904762;0.0023809523809523;0.019047619047619;0.1833333333333333;0.2984491793602041;Low
Icelandair;IST;AMS;7;0.0;0.17;0.0;0.0;0.0;0.0;0.0;0.2419959354063428;Low
IndiGo;IST;AMS;7;0.0;0.17;0.0;0.0;0.0;0.0;0.0;0.24452112330233144;Low
RwandAir;IST;CDG;7;0.0;0.17;0.0;0.0;0.0;0.0;0.0;0.2085471451450301;Low
United Airlines;IST;CDG;7;0.0;0.17;27.0;-0.0650228456913827;0.0721442885771543;0.0180360721442885;0.3607214428857715;0.3079482351972407;Low
Pakistan International Airlines;IST;CDG;7;0.0;0.17;0.0;0.0;0.0;0.0;0.0;0.2555461238224442;Low
Air Zeta;CAN;ICN;10;0.0;0.08;0.0;0.0;0.0;0.0;0.0;0.09628821251403623;Low
Japan Airlines;OBO;HND;13;0.0;0.04;1.0;0.5609684331797234;0.0046082949308755;0.0;0.0967741935483871;0.016640707088544773;Low
Japan Airlines;TAK;HND;13;80.0;0.03;1.0;0.5609684331797234;0.0046082949308755;0.0;0.0967741935483871;0.40104217321753477;Medium
Hokkaido Air System;OKD;HKD;12;0.0;0.12;0.0;0.0;0.0;0.0;0.0;0.23596058066895592;Low
Japan Airlines;HND;SHA;14;30.0;0.03;1.0;0.5609684331797234;0.0046082949308755;0.0;0.0967741935483871;0.18613485309125716;Low
Shanghai Airlines;HND;SHA;14;0.0;0.03;0.0;0.0;0.0;0.0;0.0;0.20729037531457753;Low
Japan Airlines;HND;NGS;13;0.0;0.04;1.0;0.5609684331797234;0.0046082949308755;0.0;0.0967741935483871;0.1353444060112617;Low
China Eastern Airlines;LZY;TFU;10;0.0;0.07;8.0;0.060356446991404;0.0257879656160458;0.0085959885386819;0.2793696275071633;0.20991917194854529;Low
Xiamen Air;LZY;TFU;10;0.0;0.07;0.0;0.0;0.0;0.0;0.0;0.15951866922183813;Low
Juneyao Air;LZY;TFU;10;0.0;0.07;0.0;0.0;0.0;0.0;0.0;0.22770916785683773;Low
China Express Airlines;LZY;TFU;10;0.0;0.07;0.0;0.0;0.0;0.0;0.0;0.14551390556694777;Low
Chengdu Airlines;LZY;TFU;10;0.0;0.07;0.0;0.0;0.0;0.0;0.0;0.24257769290001305;Low
Hunnu Air;MXV;UBN;11;8.0;0.2;0.0;0.0;0.0;0.0;0.0;0.1448191477033512;Low
Xiamen Air;NKG;LHW;14;0.0;0.2;0.0;0.0;0.0;0.0;0.0;0.31204089461279505;Low
FlyArystan;NQZ;URA;10;54.0;0.26;0.0;0.0;0.0;0.0;0.0;0.44708182376891303;Medium
ULS Airlines Cargo;ALG;ZRH;3;0.0;0.06;0.0;0.0;0.0;0.0;0.0;0.22992208140197132;Low
Beijing Airlines;JUZ;PKX;12;87.0;0.2;0.0;0.0;0.0;0.0;0.0;0.5697883688761861;Medium
Xiamen Air;PKX;HGH;13;19.0;0.09;0.0;0.0;0.0;0.0;0.0;0.39158321111238037;Medium
China United Airlines;PKX;HGH;13;0.0;0.09;0.0;0.0;0.0;0.0;0.0;0.2890059045512691;Low
China Southern Airlines;PKX;HGH;13;0.0;0.09;10.0;0.6739554554554555;0.015015015015015;0.004004004004004;0.1021021021021021;0.0;Low
Cathay Pacific;PKX;HKG;13;0.0;0.5;7.0;0.3745211422845692;0.0120240480961923;0.0050100200400801;0.1833667334669338;0.164834001106056;Low
China Eastern Airlines;PKX;SZX;13;85.0;0.09;8.0;0.060356446991404;0.0257879656160458;0.0085959885386819;0.2793696275071633;0.46296504913150305;Medium
Lufthansa;PKX;FRA;13;0.0;0.09;66.0;-0.2648052052052052;0.065065065065065;0.014014014014014;0.2762762762762762;0.32398861575700055;Low
Sichuan Airlines;PKX;CSX;13;0.0;0.09;0.0;0.0;0.0;0.0;0.0;0.25423613143283863;Low
KLM;PKX;HGH;13;0.0;0.09;0.0;0.0;0.0;0.0;0.0;0.1671979330792574;Low
China Southern Airlines;PKX;HGH;13;18.0;0.09;10.0;0.6739554554554555;0.015015015015015;0.004004004004004;0.1021021021021021;0.16785014998987194;Low
Juneyao Air;YIN;SHA;17;61.0;0.06;0.0;0.0;0.0;0.0;0.0;0.3421231947352674;Low
Shenzhen Airlines;PEK;XNN;15;0.0;0.02;0.0;0.0;0.0;0.0;0.0;0.16119375379056364;Low
Shenzhen Airlines;XNN;PEK;18;34.0;0.09;0.0;0.0;0.0;0.0;0.0;0.22153372322062442;Low
Shenzhen Airlines;XNN;CTU;18;51.0;0.09;0.0;0.0;0.0;0.0;0.0;0.3063736727722367;Low
Shandong Airlines;XNN;CTU;18;55.0;0.09;0.0;0.0;0.0;0.0;0.0;0.28838207760685663;Low
Kunming Airlines;XNN;CTU;18;0.0;0.09;0.0;0.0;0.0;0.0;0.0;0.1496888722915867;Low
Loong Air;XNN;CTU;18;104.0;0.09;0.0;0.0;0.0;0.0;0.0;0.6037549257625487;High
Chengdu Airlines;XNN;CTU;18;0.0;0.09;0.0;0.0;0.0;0.0;0.0;0.15154207778176398;Low
Hainan Airlines;XUZ;SHE;18;0.0;0.06;1.0;0.7446135514018691;0.0116822429906542;0.0070093457943925;0.116822429906542;0.266619735192823;Low
Tibet Airlines;XUZ;SHE;18;17.0;0.06;0.0;0.0;0.0;0.0;0.0;0.29753225306166226;Low
China Southern Airlines;XUZ;SHE;18;96.0;0.06;10.0;0.6739554554554555;0.015015015015015;0.004004004004004;0.1021021021021021;0.3957150051351176;Medium
Xiamen Air;XMN;KMG;14;0.0;0.18;0.0;0.0;0.0;0.0;0.0;0.17591495538731505;Low
Sichuan Airlines;XMN;KMG;14;0.0;0.18;0.0;0.0;0.0;0.0;0.0;0.28502169155862944;Low
Juneyao Air;XMN;SHA;14;90.0;0.18;0.0;0.0;0.0;0.0;0.0;0.46570535216335585;Medium
Xiamen Air;XMN;SHA;14;70.0;0.18;0.0;0.0;0.0;0.0;0.0;0.4545406870251753;Medium
Bangkok Airways;XMN;BKK;14;20.0;0.18;0.0;0.0;0.0;0.0;0.0;0.4752059176788157;Medium
Tibet Airlines;XMN;CTU;13;15.0;0.2;0.0;0.0;0.0;0.0;0.0;0.2782758070192745;Low
China Eastern Airlines;XMN;CTU;13;0.0;0.2;8.0;0.060356446991404;0.0257879656160458;0.0085959885386819;0.2793696275071633;0.3541514824101979;Medium
Loong Air;XMN;CTU;13;61.0;0.2;0.0;0.0;0.0;0.0;0.0;0.3737776502411879;Medium
Sichuan Airlines;XIY;HRB;13;0.0;0.04;0.0;0.0;0.0;0.0;0.0;0.2055508056652127;Low
China Southern Airlines;XIY;XMN;13;0.0;0.04;10.0;0.6739554554554555;0.015015015015015;0.004004004004004;0.1021021021021021;0.21473252097096213;Low
Hebei Airlines;XIY;XMN;13;0.0;0.04;0.0;0.0;0.0;0.0;0.0;0.1641123059548563;Low
Sichuan Airlines;HSN;KHN;19;0.0;0.29;0.0;0.0;0.0;0.0;0.0;0.38487139905978507;Medium
China Express Airlines;HSN;KHN;19;0.0;0.29;0.0;0.0;0.0;0.0;0.0;0.3075426354818833;Low
Qingdao Airlines;HSN;KHN;19;0.0;0.29;0.0;0.0;0.0;0.0;0.0;0.21862732568740129;Low
Xiamen Air;HSN;KHN;19;0.0;0.29;0.0;0.0;0.0;0.0;0.0;0.30226854173388645;Low
Loong Air;HSN;KHN;19;0.0;0.5;0.0;0.0;0.0;0.0;0.0;0.3680788114738711;Medium
China Southern Airlines;HSN;KHN;19;103.0;0.29;10.0;0.6739554554554555;0.015015015015015;0.004004004004004;0.1021021021021021;0.4933031738316802;Medium
Transavia;HRG;ORY;14;0.0;0.28;0.0;0.0;0.0;0.0;0.0;0.14608426960766804;Low
Corendon Airlines;HRG;DUS;13;0.0;0.29;0.0;0.0;0.0;0.0;0.0;0.20710039769225919;Low
Air Cairo;HRG;CAI;13;0.0;0.29;0.0;0.0;0.0;0.0;0.0;0.24067369551139467;Low
Air Cairo;HRG;CAI;13;0.0;0.29;0.0;0.0;0.0;0.0;0.0;0.2527896599629968;Low
Ethiopian Airlines;HRE;LLW;13;0.0;0.09;0.0;0.0;0.0;0.0;0.0;0.26144704682854747;Low
Ethiopian Airlines;HRE;LUN;13;0.0;0.09;0.0;0.0;0.0;0.0;0.0;0.23043907006532777;Low
flynas;HRE;LUN;13;45.0;0.09;0.0;0.0;0.0;0.0;0.0;0.2595258948902929;Low
Etihad Airways;HRE;LUN;13;0.0;0.09;21.0;-0.2707907815631262;0.0250501002004008;0.0060120240480961;0.1402805611222445;0.32357160508143945;Low
Air India;HRE;LUN;13;0.0;0.09;0.0;0.0;0.0;0.0;0.0;0.2607410021698676;Low
Airlink;HRE;JNB;13;0.0;0.09;0.0;0.0;0.0;0.0;0.0;0.2571853313551728;Low
United Airlines;HRE;JNB;13;0.0;0.09;27.0;-0.0650228456913827;0.0721442885771543;0.0180360721442885;0.3607214428857715;0.3715890796465389;Medium
Turkish Airlines;HRE;JNB;13;0.0;0.09;33.0;-0.2772789579158317;0.0290581162324649;0.0220440881763527;0.280561122244489;0.3782732281731327;Medium
Qatar Airways;HRE;JNB;13;0.0;0.09;17.0;0.423738376753507;0.0120240480961923;0.0090180360721442;0.1102204408817635;0.18373160354198254;Low
Qantas;HRE;JNB;13;0.0;0.09;0.0;0.0;0.0;0.0;0.0;0.2130884001978947;Low
Emirates;HRE;JNB;13;114.0;0.09;14.0;-0.0264453546453546;0.0279720279720279;0.0149850149850149;0.1328671328671328;0.47314767970882576;Medium
British Airways;HRE;JNB;13;85.0;0.09;20.0;-0.0446404404404404;0.054054054054054;0.009009009009009;0.2402402402402402;0.5561455075715133;Medium
Air France;HRE;JNB;13;0.0;0.09;59.0;0.0674080160320641;0.0240480961923847;0.0140280561122244;0.2254509018036072;0.2564813845944037;Low
Airlink;HRE;DUR;13;0.0;0.09;0.0;0.0;0.0;0.0;0.0;0.23701051860367614;Low
Emirates;HRE;DUR;13;0.0;0.09;14.0;-0.0264453546453546;0.0279720279720279;0.0149850149850149;0.1328671328671328;0.15804254474752338;Low
Air Tanzania;HRE;LUN;13;0.0;0.09;0.0;0.0;0.0;0.0;0.0;0.14232604217142164;Low
Spring Airlines;HRB;HET;20;0.0;0.14;0.0;0.0;0.0;0.0;0.0;0.3017206997333033;Low
China Southern Airlines;HRB;PVG;20;0.0;0.14;10.0;0.6739554554554555;0.015015015015015;0.004004004004004;0.1021021021021021;0.1080076157065106;Low
China Southern Airlines;HRB;PKX;20;0.0;0.14;10.0;0.6739554554554555;0.015015015015015;0.004004004004004;0.1021021021021021;0.15848152529256015;Low
Shandong Airlines;HRB;TAO;19;0.0;0.12;0.0;0.0;0.0;0.0;0.0;0.22598228632913228;Low
Spring Airlines;HRB;PVG;19;0.0;0.12;0.0;0.0;0.0;0.0;0.0;0.22608292976470218;Low
Hainan Airlines;HRB;SZX;19;0.0;0.12;1.0;0.7446135514018691;0.0116822429906542;0.0070093457943925;0.116822429906542;0.16003285707252546;Low
Air China;HRB;TFU;19;0.0;0.12;35.0;-0.0481095652173913;0.017391304347826;0.0198757763975155;0.2645962732919255;0.23979691871422476;Low
West Air;HRB;TAO;19;0.0;0.12;0.0;0.0;0.0;0.0;0.0;0.23072845438586884;Low
China Eastern Airlines;HRB;NKG;19;0.0;0.5;8.0;0.060356446991404;0.0257879656160458;0.0085959885386819;0.2793696275071633;0.3013430793608476;Low
Chengdu Airlines;HRB;CTU;19;93.0;0.12;0.0;0.0;0.0;0.0;0.0;0.472585264079738;Medium
China Eastern Airlines;HRB;SHA;19;0.0;0.12;8.0;0.060356446991404;0.0257879656160458;0.0085959885386819;0.2793696275071633;0.2360603009273958;Low
China Eastern Airlines;HRB;PVG;19;0.0;0.12;8.0;0.060356446991404;0.0257879656160458;0.0085959885386819;0.2793696275071633;0.27325171358456046;Low
NetJets;HPN;GHB;8;0.0;0.18;0.0;0.0;0.0;0.0;0.0;0.2024875964835566;Low
NetJets;HPN;UGN;8;0.0;0.18;0.0;0.0;0.0;0.0;0.0;0.3239029287901465;Low
Breeze Airways;HPN;CHS;8;45.0;0.18;0.0;0.0;0.0;0.0;0.0;0.30837748884463473;Low
JetBlue;HPN;SJU;8;0.0;0.18;0.0;0.0;0.0;0.0;0.0;0.22291898490870488;Low
American Airlines;HPN;CLT;7;0.0;0.17;26.0;-0.3769642284569138;0.0611222444889779;0.0220440881763527;0.4859719438877755;0.36067579986870363;Medium
Tradewind Aviation;HPN;ACK;7;0.0;0.17;0.0;0.0;0.0;0.0;0.0;0.3352884519047613;Low
NetJets;HPN;FXE;7;33.0;0.17;0.0;0.0;0.0;0.0;0.0;0.34675883435581023;Low
NetJets;HPN;ACK;7;117.0;0.17;0.0;0.0;0.0;0.0;0.0;0.6572291177628045;High
JetBlue;HPN;TPA;7;0.0;0.17;0.0;0.0;0.0;0.0;0.0;0.13001077388741195;Low
Aegean Airlines;ATH;RHO;8;0.0;0.32;0.0;0.0;0.0;0.0;0.0;0.2826935186108481;Low
Iberia;MAD;VLC;6;0.0;0.03;42.0;0.0379904231625835;0.0211581291759465;0.0155902004454342;0.1737193763919821;0.2899076968963132;Low
AVA Airlines;IST;IKA;8;27.0;0.18;0.0;0.0;0.0;0.0;0.0;0.3227598792492797;Low
Fly Kish;IST;IKA;8;0.0;0.18;0.0;0.0;0.0;0.0;0.0;0.3105836262545746;Low
CSA Air;IND;SBN;4;15.0;0.06;0.0;0.0;0.0;0.0;0.0;0.22078980849297394;Low
Loong Air;INC;CSX;17;0.0;0.15;0.0;0.0;0.0;0.0;0.0;0.3286543208129906;Low
China Southern Airlines;INC;CSX;17;0.0;0.15;10.0;0.6739554554554555;0.015015015015015;0.004004004004004;0.1021021021021021;0.27369934512982397;Low
Hebei Airlines;INC;CSX;17;54.0;0.15;0.0;0.0;0.0;0.0;0.0;0.36660130076922387;Medium
Sichuan Airlines;INC;CSX;17;19.0;0.15;0.0;0.0;0.0;0.0;0.0;0.255814823501946;Low
China Express Airlines;INC;CSX;17;0.0;0.15;0.0;0.0;0.0;0.0;0.0;0.3317369133982391;Low
Xiamen Air;INC;CSX;17;0.0;0.15;0.0;0.0;0.0;0.0;0.0;0.3405700502011499;Low
Hainan Airlines;INC;CSX;17;0.0;0.15;1.0;0.7446135514018691;0.0116822429906542;0.0070093457943925;0.116822429906542;0.06375278875347681;Low
IndiGo;IXR;DEL;17;0.0;0.12;0.0;0.0;0.0;0.0;0.0;0.19458692280328999;Low
Virgin Atlantic;IXR;DEL;17;0.0;0.12;8.0;0.3328233485193622;0.0068337129840546;0.0045558086560364;0.0979498861047836;0.1534279475392178;Low
IndiGo;IXM;BLR;17;113.0;0.04;0.0;0.0;0.0;0.0;0.0;0.45288846422760054;Medium
IndiGo;IXM;HYD;17;0.0;0.04;0.0;0.0;0.0;0.0;0.0;0.14369436374610614;Low
IndiGo;IXC;DXB;17;45.0;0.09;0.0;0.0;0.0;0.0;0.0;0.28271014632735525;Low
IndiGo;IXC;BOM;17;47.0;0.09;0.0;0.0;0.0;0.0;0.0;0.30525417044271097;Low
Virgin Atlantic;IXC;BOM;17;0.0;0.09;8.0;0.3328233485193622;0.0068337129840546;0.0045558086560364;0.0979498861047836;0.16472492804237862;Low
British Airways;IXC;BOM;17;43.0;0.09;20.0;-0.0446404404404404;0.054054054054054;0.009009009009009;0.2402402402402402;0.4164672635097887;Medium
Air France;IXC;BOM;17;0.0;0.09;59.0;0.0674080160320641;0.0240480961923847;0.0140280561122244;0.2254509018036072;0.3504782809899713;Medium
IndiGo;IXC;BLR;16;0.0;0.08;0.0;0.0;0.0;0.0;0.0;0.14611521714828465;Low
Virgin Atlantic;IXC;BLR;16;0.0;0.08;8.0;0.3328233485193622;0.0068337129840546;0.0045558086560364;0.0979498861047836;0.2340554380528142;Low
Qantas;IXC;BLR;16;0.0;0.08;0.0;0.0;0.0;0.0;0.0;0.2010207809042144;Low
Japan Airlines;IXC;BLR;16;0.0;0.08;1.0;0.5609684331797234;0.0046082949308755;0.0;0.0967741935483871;0.11555122696027438;Low
IndiGo;IXB;DEL;17;0.0;0.06;0.0;0.0;0.0;0.0;0.0;0.2592373644516623;Low
Virgin Atlantic;IXB;DEL;17;0.0;0.06;8.0;0.3328233485193622;0.0068337129840546;0.0045558086560364;0.0979498861047836;0.0825623286500924;Low
British Airways;IXB;DEL;17;0.0;0.06;20.0;-0.0446404404404404;0.054054054054054;0.009009009009009;0.2402402402402402;0.29184091446511573;Low
Drukair;IXB;BKK;17;0.0;0.06;0.0;0.0;0.0;0.0;0.0;0.22365165457491396;Low
Air India Express;IXB;BLR;17;0.0;0.06;0.0;0.0;0.0;0.0;0.0;0.24647158848057046;Low
Air India;IXB;BLR;17;0.0;0.06;0.0;0.0;0.0;0.0;0.0;0.2322418050735473;Low
Air India Express;IXB;CCU;17;107.0;0.06;0.0;0.0;0.0;0.0;0.0;0.7048710097937626;High
Air India;IXB;CCU;17;30.0;0.06;0.0;0.0;0.0;0.0;0.0;0.25735820110240787;Low
Akasa Air;IXB;DEL;16;0.0;0.08;0.0;0.0;0.0;0.0;0.0;0.1788302131498728;Low
Air India Express;IXA;CCU;16;0.0;0.11;0.0;0.0;0.0;0.0;0.0;0.1783801631502665;Low
Air India;IXA;CCU;16;0.0;0.11;0.0;0.0;0.0;0.0;0.0;0.18311660165878219;Low
All Nippon Airways;ITM;HND;20;0.0;0.11;0.0;0.0;0.0;0.0;0.0;0.17738290108854377;Low
Virgin Australia;ITM;HND;20;0.0;0.11;0.0;0.0;0.0;0.0;0.0;0.30523115717752863;Low
Philippine Airlines;ITM;HND;20;62.0;0.11;0.0;0.0;0.0;0.0;0.0;0.5074352973592899;Medium
All Nippon Airways;ITM;MYJ;20;73.0;0.11;0.0;0.0;0.0;0.0;0.0;0.4010477594375367;Medium
All Nippon Airways;ITM;FUK;20;0.0;0.11;0.0;0.0;0.0;0.0;0.0;0.16373510988270398;Low
Asiana Airlines;TAO;ICN;18;44.0;0.07;0.0;0.6464532319391635;0.0038022813688212;0.0095057034220532;0.0950570342205323;0.26453733989761863;Low
Air China;TAO;ICN;18;118.0;0.07;35.0;-0.0481095652173913;0.017391304347826;0.0198757763975155;0.2645962732919255;0.581264436589773;Medium
Korean Air;PVG;ICN;17;47.0;0.22;1.0;0.5797912605042017;0.0016806722689075;0.0016806722689075;0.0907563025210084;0.3272125213605328;Low
Shanghai Airlines;PVG;ICN;17;0.0;0.22;0.0;0.0;0.0;0.0;0.0;0.258204611459591;Low
United States - Coast Guard;OTP;BCM;9;0.0;0.09;0.0;0.0;0.0;0.0;0.0;0.11189791195019376;Low
Transavia;ORY;VIE;10;0.0;0.11;0.0;0.0;0.0;0.0;0.0;0.3303253640931043;Low
Transavia;ORY;IST;10;32.0;0.11;0.0;0.0;0.0;0.0;0.0;0.44371143711668654;Medium
Azores Airlines;ORY;LIS;10;0.0;0.11;0.0;0.0;0.0;0.0;0.0;0.17910479166609297;Low
LATAM Airlines;ORY;LIS;10;0.0;0.11;13.0;-0.1786123616236162;0.0461254612546125;0.0166051660516605;0.2084870848708487;0.2687752450480235;Low
Azul;ORY;LIS;10;0.0;0.11;0.0;0.0;0.0;0.0;0.0;0.24201057735074336;Low
Air New Zealand;ORD;ROC;6;0.0;0.09;8.0;0.2500417995444191;0.0398633257403189;0.0079726651480637;0.1264236902050114;0.21634666778200748;Low
Air Canada;ORD;ROC;6;0.0;0.09;71.0;-0.3095768537074148;0.0781563126252505;0.0250501002004008;0.4448897795591182;0.40447038365623644;Medium
Air New Zealand;ORD;ORF;6;0.0;0.09;8.0;0.2500417995444191;0.0398633257403189;0.0079726651480637;0.1264236902050114;0.33364901019656024;Low
Air Canada;ORD;ORF;6;0.0;0.09;71.0;-0.3095768537074148;0.0781563126252505;0.0250501002004008;0.4448897795591182;0.3459859786445548;Low
Air New Zealand;ORD;ROA;6;0.0;0.09;8.0;0.2500417995444191;0.0398633257403189;0.0079726651480637;0.1264236902050114;0.13705388536522395;Low
Air New Zealand;ORD;CLT;6;0.0;0.09;8.0;0.2500417995444191;0.0398633257403189;0.0079726651480637;0.1264236902050114;0.09638234652189881;Low
Air Canada;ORD;CLT;6;0.0;0.09;71.0;-0.3095768537074148;0.0781563126252505;0.0250501002004008;0.4448897795591182;0.30720718177320394;Low
Aer Lingus;ORD;BNA;6;0.0;0.09;0.0;0.0;0.0;0.0;0.0;0.2156811118988342;Low
AlphaSky;ORD;BNA;6;0.0;0.09;0.0;0.0;0.0;0.0;0.0;0.3436190504462452;Low
Japan Airlines;ORD;SAN;6;0.0;0.09;1.0;0.5609684331797234;0.0046082949308755;0.0;0.0967741935483871;0.08478089570341268;Low
Aer Lingus;ORD;SAN;6;0.0;0.09;0.0;0.0;0.0;0.0;0.0;0.2336651566147229;Low
British Airways;ORD;SAN;6;0.0;0.09;20.0;-0.0446404404404404;0.054054054054054;0.009009009009009;0.2402402402402402;0.2699226295071396;Low
Aer Lingus;ORD;CLE;6;0.0;0.09;0.0;0.0;0.0;0.0;0.0;0.3011875291413659;Low
British Airways;ORD;CLE;6;0.0;0.09;20.0;-0.0446404404404404;0.054054054054054;0.009009009009009;0.2402402402402402;0.44795750204338575;Medium
AlphaSky;ORD;CLE;6;0.0;0.09;0.0;0.0;0.0;0.0;0.0;0.18083918589557754;Low
AlphaSky;ORD;BUF;6;116.0;0.09;0.0;0.0;0.0;0.0;0.0;0.5317392390237246;Medium
Aer Lingus;ORD;MKE;6;120.0;0.09;0.0;0.0;0.0;0.0;0.0;0.6510912613948351;High
AlphaSky;ORD;MKE;6;91.0;0.09;0.0;0.0;0.0;0.0;0.0;0.5387324042738418;Medium
British Airways;ORD;MSN;6;0.0;0.09;20.0;-0.0446404404404404;0.054054054054054;0.009009009009009;0.2402402402402402;0.4003417450337545;Medium
AlphaSky;ORD;MSN;6;84.0;0.09;0.0;0.0;0.0;0.0;0.0;0.5108749729728175;Medium
Iberia;ORD;DEN;6;0.0;0.09;42.0;0.0379904231625835;0.0211581291759465;0.0155902004454342;0.1737193763919821;0.2144830948475784;Low
Aer Lingus;ORD;DEN;6;0.0;0.09;0.0;0.0;0.0;0.0;0.0;0.2593458381484617;Low
Korean Air;ORD;ATL;6;47.0;0.09;1.0;0.5797912605042017;0.0016806722689075;0.0016806722689075;0.0907563025210084;0.33451654475845055;Low
Aeromexico;ORD;ATL;6;39.0;0.09;19.0;-0.1264282369146005;0.0371900826446281;0.0151515151515151;0.2011019283746556;0.4534632017196282;Medium
WestJet;ORD;MSP;6;19.0;0.09;32.0;-0.2166061061061061;0.068068068068068;0.015015015015015;0.2912912912912913;0.407734307302636;Medium
Virgin Atlantic;ORD;MSP;6;114.0;0.09;8.0;0.3328233485193622;0.0068337129840546;0.0045558086560364;0.0979498861047836;0.583820098430694;Medium
Aeromexico;ORD;MSP;6;0.0;0.09;19.0;-0.1264282369146005;0.0371900826446281;0.0151515151515151;0.2011019283746556;0.36088014036700977;Medium
Air New Zealand;ORD;IAH;6;0.0;0.09;8.0;0.2500417995444191;0.0398633257403189;0.0079726651480637;0.1264236902050114;0.28968582185554265;Low
Emirates;ORD;IAH;6;25.0;0.09;14.0;-0.0264453546453546;0.0279720279720279;0.0149850149850149;0.1328671328671328;0.36782463718622005;Medium
Ethiopian Airlines;ORD;IAD;6;0.0;0.09;0.0;0.0;0.0;0.0;0.0;0.2063017343778202;Low
Air Canada;ORD;IAD;6;0.0;0.09;71.0;-0.3095768537074148;0.0781563126252505;0.0250501002004008;0.4448897795591182;0.3686422426194709;Medium
Qantas;ORD;SFO;6;0.0;0.09;0.0;0.0;0.0;0.0;0.0;0.302455627655585;Low
Aer Lingus;ORD;SFO;6;0.0;0.09;0.0;0.0;0.0;0.0;0.0;0.16081450303089345;Low
Frontier;ORD;MLM;6;0.0;0.09;0.0;0.0;0.0;0.0;0.0;0.2438071316211031;Low
Air New Zealand;ORD;BWI;6;0.0;0.09;8.0;0.2500417995444191;0.0398633257403189;0.0079726651480637;0.1264236902050114;0.16540097562000047;Low
Qatar Airways;ORD;SAN;6;0.0;0.09;17.0;0.423738376753507;0.0120240480961923;0.0090180360721442;0.1102204408817635;0.15360113560142918;Low
Virgin Australia;ORD;SFO;6;16.0;0.09;0.0;0.0;0.0;0.0;0.0;0.3554916303825109;Medium
Air New Zealand;ORD;SFO;6;0.0;0.09;8.0;0.2500417995444191;0.0398633257403189;0.0079726651480637;0.1264236902050114;0.20631162724430896;Low
Air Canada;ORD;SFO;6;72.0;0.09;71.0;-0.3095768537074148;0.0781563126252505;0.0250501002004008;0.4448897795591182;0.5776228429400687;Medium
Aer Lingus;ORD;MIA;6;0.0;0.09;0.0;0.0;0.0;0.0;0.0;0.12281007013140564;Low
AlphaSky;ORD;MIA;6;0.0;0.09;0.0;0.0;0.0;0.0;0.0;0.27023774962190544;Low
Air New Zealand;ORD;BOS;6;35.0;0.09;8.0;0.2500417995444191;0.0398633257403189;0.0079726651480637;0.1264236902050114;0.343118585162791;Low
